original_city,original_ address,lat,lon,formatted,name,housenumber,street,suburb,postcode,district,city,county,state,country,country_code,confidence_street_level,confidence,confidence_city_level,attribution,attribution_license,attribution_url
Aleksandrovac," Mihajla Kolumba",43.0421,22.43907,"Aleksandrovac, Пиротски управни округ, Србија",,,,,,Babusnica,Aleksandrovac,Пиротски управни округ,Централна Србија,Србија,rs,,0.5,1,,,https://www.whosonfirst.org/docs/licenses/
Aleksinac," ",,,,,,,,,,,,,,,,,,,,
Aleksinac," Centar; Ace Milojević 33",44.796876,20.488452,"GAME CENTAR, Жичка 20, 11000 Београд, Србија",GAME CENTAR,20,Жичка,,11000,Градска општина Савски венац,Београд,Град Београд,Централна Србија,Србија,rs,,0,,© OpenStreetMap contributors,Open Database License,https://www.openstreetmap.org/copyright
Aleksinac," Žitkovac; Cerska 7",43.525581,21.690685,"Алексинац, Централна Србија, Србија",,,,,,,Алексинац,Nišavski Okrug,Централна Србија,Србија,rs,,0,0.509090909090909,,,https://www.whosonfirst.org/docs/licenses/
Alibunar," Dobrica; Partizan 60A",43.70274,20.23341,"Dobrića Potok, Lucani, Moravički upravni okrug, Србија",Dobrića Potok,,,,,,Lucani,Moravički upravni okrug,Централна Србија,Србија,rs,,0.475,,,CC BY 4.0,https://www.geonames.org/datasources/
Alibunar," Zeleznicka",45.1301018,20.9175168,"Железничка, Општина Алибунар, Србија",Железничка,,Железничка,,,Селеуш,Општина Алибунар,Јужнобанатски управни округ,Војводина,Србија,rs,0.475,0.475,0.95,© OpenStreetMap contributors,Open Database License,https://www.openstreetmap.org/copyright
Apatin," Centar; Matije Gupca 58",45.125089,19.223373,"Centar, Sid, Сремски управни округ, Србија",Centar,,,,,,Sid,Сремски управни округ,Војводина,Србија,rs,,1,,© OpenStreetMap contributors,Open Database License,https://www.openstreetmap.org/copyright
Aranđelovac," Seničani",43.24917,21.34111,"Senicani, Србија",,,,,,,Senicani,,,Србија,rs,,0,,,,https://www.whosonfirst.org/docs/licenses/
Babušnica," Saše Ivkovića 40",45.27387,19.781776,"Sase Krstica, Петроварадин, Србија",,,Sase Krstica,,,Novi Sad,Петроварадин,Južnobački Okrug,Војводина,Србија,rs,,0,,© OpenStreetMap contributors,Open Database License,https://www.openstreetmap.org/copyright
Batočina," ",,,,,,,,,,,,,,,,,,,,
Batočina," Kralja Milana obrenovića broj 61",44.15701,21.05344,"Batocina, Србија",,,,,,,Batocina,,,Србија,rs,,0.25,1,,,https://www.whosonfirst.org/docs/licenses/
Batočina," Lepenicka 5",44.849048,20.409001,"Гробљанска 5, Београд, Србија",,5,Гробљанска,,,Градска општина Савски венац,Београд,Град Београд,Централна Србија,Србија,rs,,0,,© OpenStreetMap contributors,Open Database License,https://www.openstreetmap.org/copyright
Batočina," Železnička 54",44.15701,21.05344,"Batocina, Србија",,,,,,,Batocina,,,Србија,rs,,0.25,1,,,https://www.whosonfirst.org/docs/licenses/
Bač," Plavna",45.376499,19.13761,"Plavna - Bodjani, Bac, Србија",,,Plavna - Bodjani,,,,Bac,Južnobački Okrug,Војводина,Србија,rs,0.95,0.95,1,© OpenStreetMap contributors,Open Database License,https://www.openstreetmap.org/copyright
Bačka Palanka," ",,,,,,,,,,,,,,,,,,,,
Bačka Palanka," Pivnice",45.467169,19.457053,"DVD Pivnice, Backa Palanka, Južnobački Okrug, Србија",DVD Pivnice,,,,,,Backa Palanka,Južnobački Okrug,Војводина,Србија,rs,0.95,0.95,1,© OpenStreetMap contributors,Open Database License,https://www.openstreetmap.org/copyright
Bačka Palanka," Slobodana Bajica 13",45.251846,19.396058,"Bačka Palanka, Južnobački Okrug, Србија",,,,,,Backa Palanka,Bačka Palanka,Južnobački Okrug,Војводина,Србија,rs,,0.25,1,,,https://www.whosonfirst.org/docs/licenses/
Bačka Topola," Panonija",45.807666,19.594413,"Backa Topola, Војводина, Србија",,,,,,,Backa Topola,Severnobački Okrug,Војводина,Србија,rs,,0.5,1,,,https://www.whosonfirst.org/docs/licenses/
Bačka Topola," Pačir; Bakarska 13",45.90024,19.44174,"Pačir, Severnobački Okrug, Србија",,,,,,Backa Topola,Pačir,Severnobački Okrug,Војводина,Србија,rs,,0.25,1,,,https://www.whosonfirst.org/docs/licenses/
Bačka Topola," Stara Moravica; Kosuta Lajosa 37.",45.81516,19.6318,"Бачка Топола, Severnobački Okrug, Србија",,,,,,Backa Topola,Бачка Топола,Severnobački Okrug,Војводина,Србија,rs,,0,1,,,https://www.whosonfirst.org/docs/licenses/
Bačka Topola," Trg Svetog Ilije 35",45.8136397,19.6452067,"Трг Светог Илије, 24300 Општина Бачка Топола, Србија",Трг Светог Илије,,Трг Светог Илије,,24300,Бачка Топола,Општина Бачка Топола,Севернобачки управни округ,Војводина,Србија,rs,0.4491666666666666,0.2245833333333333,0.825,© OpenStreetMap contributors,Open Database License,https://www.openstreetmap.org/copyright
Bački Petrovac," ",,,,,,,,,,,,,,,,,,,,
Bela Crkva," Karađorđeva 18",44.900592,21.417501,"Карађорђева, 26340 Општина Бела Црква, Србија",Карађорђева,,Карађорђева,,26340,Бела Црква,Општина Бела Црква,Јужнобанатски управни округ,Војводина,Србија,rs,0.2799999999999999,0.13999999999999996,0.509090909090909,© OpenStreetMap contributors,Open Database License,https://www.openstreetmap.org/copyright
Beli Breg," Aleksinac",43.475002700000005,21.821196166939707,"Бели Брег, Општина Алексинац, Централна Србија, Србија",,,,,,Бели Брег,Општина Алексинац,Нишавски управни округ,Централна Србија,Србија,rs,,0.5,1,© OpenStreetMap contributors,Open Database License,https://www.openstreetmap.org/copyright
Beograd," Lazarevac opština; Lazarevac; Ibarska magistrala Lazarevac; Sokolska",44.73861,20.44376,"Opština Beograd-Rakovica, Град Београд, Србија",,,,,,Градска општина Савски венац,Opština Beograd-Rakovica,Град Београд,Централна Србија,Србија,rs,,0.2025,0.81,,CC BY 4.0,https://www.geonames.org/datasources/
Beograd," Lazarevac opština; Lazarevac; kolubarski trg 174",,,,,,,,,,,,,,,,,,,,
Beograd," Lazarevac opština; Petka; Vladike nikolaja velimirovic 12",44.73861,20.44376,"Opština Beograd-Rakovica, Град Београд, Србија",,,,,,Градска општина Савски венац,Opština Beograd-Rakovica,Град Београд,Централна Србија,Србија,rs,,0.2375,0.95,,CC BY 4.0,https://www.geonames.org/datasources/
Beograd," Lazarevac opština; Stepojevac",44.782449,20.46444,"Београд, Град Београд, Србија",,,,,,Градска општина Савски венац,Београд,Град Београд,Централна Србија,Србија,rs,,0.2722222222222222,0.5444444444444444,,,https://www.whosonfirst.org/docs/licenses/
Beograd," Lazarevac opština; Veliki Crljeni; Radnicka 27",44.73861,20.44376,"Opština Beograd-Rakovica, Град Београд, Србија",,,,,,Градска општина Савски венац,Opština Beograd-Rakovica,Град Београд,Централна Србија,Србија,rs,,0.2375,0.95,,CC BY 4.0,https://www.geonames.org/datasources/
Beograd," Lazarevac opština; Vrbovno Lazarevac; Magistralna",44.380251,20.262326,"Republički fond za zdravstveno osiguranje - ispostava Lazarevac, Карађорђева 17, 11550 Лазаревац, Србија",Republički fond za zdravstveno osiguranje - ispostava Lazarevac,17,Карађорђева,,11550,,Лазаревац,Град Београд,Централна Србија,Србија,rs,,0.1876543209876543,,© OpenStreetMap contributors,Open Database License,https://www.openstreetmap.org/copyright
Beograd," Mladenovac opština; Mladenovac centar; Karađorđeva 179a",44.73861,20.44376,"Opština Beograd-Rakovica, Град Београд, Србија",,,,,,Градска општина Савски венац,Opština Beograd-Rakovica,Град Београд,Централна Србија,Србија,rs,,0.2375,0.95,,CC BY 4.0,https://www.geonames.org/datasources/
Beograd," Mladenovac opština; Pružatovac; Gornjokrajska 25",44.782449,20.46444,"Београд, Град Београд, Србија",,,,,,Градска општина Савски венац,Београд,Град Београд,Централна Србија,Србија,rs,,0.1361111111111111,0.5444444444444444,,,https://www.whosonfirst.org/docs/licenses/
Beograd," Novi Beograd; Ledine",44.808703,20.375921,"Novi Beograd, Централна Србија, Србија",,,,,,,Novi Beograd,Град Београд,Централна Србија,Србија,rs,,0.475,0.95,,,https://www.whosonfirst.org/docs/licenses/
Beograd," Obrenovac opština; Grabovac; Doljanska",44.73861,20.44376,"Opština Beograd-Rakovica, Град Београд, Србија",,,,,,Градска општина Савски венац,Opština Beograd-Rakovica,Град Београд,Централна Србија,Србија,rs,,0.2025,0.81,,CC BY 4.0,https://www.geonames.org/datasources/
Beograd," Obrenovac opština; Obrenovac",44.782449,20.46444,"Београд, Град Београд, Србија",,,,,,Градска општина Савски венац,Београд,Град Београд,Централна Србија,Србија,rs,,0.2722222222222222,0.5444444444444444,,,https://www.whosonfirst.org/docs/licenses/
Beograd," Obrenovac opština; Ratari",44.782449,20.46444,"Београд, Град Београд, Србија",,,,,,Градска општина Савски венац,Београд,Град Београд,Централна Србија,Србија,rs,,0.2722222222222222,0.5444444444444444,,,https://www.whosonfirst.org/docs/licenses/
Beograd," Palilula opština; Ovča",44.815611,20.519664,"Палилула, Градска општина Савски венац, Београд, Централна Србија, Србија",Палилула,,,,,Градска општина Савски венац,Београд,Град Београд,Централна Србија,Србија,rs,,0.11024999999999997,0.5444444444444444,,,https://www.whosonfirst.org/docs/licenses/
Beograd," Sopot opština; Babe",44.52264,20.57602,"Opština Beograd-Sopot, Град Београд, Србија",,,,,,Сопот,Opština Beograd-Sopot,Град Београд,Централна Србија,Србија,rs,,0.475,0.95,,CC BY 4.0,https://www.geonames.org/datasources/
Beograd," Sopot opština; Popović",44.52264,20.57602,"Opština Beograd-Sopot, Град Београд, Србија",,,,,,Сопот,Opština Beograd-Sopot,Град Београд,Централна Србија,Србија,rs,,0.475,0.95,,CC BY 4.0,https://www.geonames.org/datasources/
Beograd," Surčin opština; Surčin; Zeleznicka 3",44.73861,20.44376,"Opština Beograd-Rakovica, Град Београд, Србија",,,,,,Градска општина Савски венац,Opština Beograd-Rakovica,Град Београд,Централна Србија,Србија,rs,,0.2375,0.95,,CC BY 4.0,https://www.geonames.org/datasources/
Beograd," Voždovac opština; Ripanj; Srednji Prnjavor 25b",44.73861,20.44376,"Opština Beograd-Rakovica, Град Београд, Србија",,,,,,Градска општина Савски венац,Opština Beograd-Rakovica,Град Београд,Централна Србија,Србија,rs,,0.2375,0.95,,CC BY 4.0,https://www.geonames.org/datasources/
Beograd," Voždovac opština; Voždovačka crkva",,,,,,,,,,,,,,,,,,,,
Beograd," Zemun opština; Zemun; Gornji Grad",44.847968699999996,20.397962631313995,"ФК „Земун“, Добановачка, 11000 Градска општина Земун, Србија",ФК „Земун“,,Добановачка,Београд (Земун),11000,,Градска општина Земун,Град Београд,Централна Србија,Србија,rs,,0.13668252080856122,,© OpenStreetMap contributors,Open Database License,https://www.openstreetmap.org/copyright
Beograd," Čukarica opština; Sremčica; jeliciceva 34",44.73861,20.44376,"Opština Beograd-Rakovica, Град Београд, Србија",,,,,,Градска општина Савски венац,Opština Beograd-Rakovica,Град Београд,Централна Србија,Србија,rs,,0.2375,0.95,,CC BY 4.0,https://www.geonames.org/datasources/
Beočin," Rakovac; Cukovac 12",45.186271,19.773674,"Беочин, Južnobački Okrug, Србија",,,,,,Beocin,Беочин,Južnobački Okrug,Војводина,Србија,rs,,0,1,,,https://www.whosonfirst.org/docs/licenses/
Beočin," Čerević; Atanasija Gereckog 38",45.214942,19.678695,"Čerević III - Ulaz, Beocin, Južnobački Okrug, Србија",Čerević III - Ulaz,,,,,,Beocin,Južnobački Okrug,Војводина,Србија,rs,,0.95,1,© OpenStreetMap contributors,Open Database License,https://www.openstreetmap.org/copyright
Beočin," Čerević; Kralja Petra I 105",45.219719,19.664032,"Čerević V - Spomenik, Beocin, Južnobački Okrug, Србија",Čerević V - Spomenik,,,,,,Beocin,Južnobački Okrug,Војводина,Србија,rs,,0.95,1,© OpenStreetMap contributors,Open Database License,https://www.openstreetmap.org/copyright
Beočin," Čerević; V. Misica",45.219852,19.667452,"Vojvode Zivojina Misica, Beocin, Србија",,,Vojvode Zivojina Misica,,,,Beocin,Južnobački Okrug,Војводина,Србија,rs,0.95,0.5343749999999999,1,© OpenStreetMap contributors,Open Database License,https://www.openstreetmap.org/copyright
Bečej," ",,,,,,,,,,,,,,,,,,,,
Bečej," Bačko Gradište; školska",45.533179,20.032738,"Skolska, Becej, Србија",,,Skolska,,,,Becej,Južnobački Okrug,Војводина,Србија,rs,1,1,1,© OpenStreetMap contributors,Open Database License,https://www.openstreetmap.org/copyright
Bečej," Bolmanska 35",45.625869,20.046401,"Bolmanska, Becej, Србија",,,Bolmanska,,,,Becej,Južnobački Okrug,Војводина,Србија,rs,1,0.5,1,© OpenStreetMap contributors,Open Database License,https://www.openstreetmap.org/copyright
Bečej," Hove Friđeša 58",45.672469,19.954378,"Becej, Војводина, Србија",,,,,,,Becej,Južnobački Okrug,Војводина,Србија,rs,,0.25,1,,,https://www.whosonfirst.org/docs/licenses/
Blace," ",,,,,,,,,,,,,,,,,,,,
Bogatić," Badovinci",44.78534,19.37146,"Badovinci, Mačvanski Okrug, Србија",,,,,,Bogatic,Badovinci,Mačvanski Okrug,Централна Србија,Србија,rs,,0.5,1,,,https://www.whosonfirst.org/docs/licenses/
Bogatić," Badovinci; Kralja Aleksandra",44.813645,19.427718,"Kralja Aleksandra, Bogatic, Србија",,,Kralja Aleksandra,,,,Bogatic,Mačvanski Okrug,Централна Србија,Србија,rs,1,0.5,1,© OpenStreetMap contributors,Open Database License,https://www.openstreetmap.org/copyright
Bogatić," Belotić; Kralja Aleksandra 48",44.813645,19.427718,"Kralja Aleksandra, Bogatic, Србија",,,Kralja Aleksandra,,,,Bogatic,Mačvanski Okrug,Централна Србија,Србија,rs,1,0.5,1,© OpenStreetMap contributors,Open Database License,https://www.openstreetmap.org/copyright
Bogatić," Crna Bara",44.87374,19.3948,"Crna Bara, Mačvanski Okrug, Србија",,,,,,Bogatic,Crna Bara,Mačvanski Okrug,Централна Србија,Србија,rs,,0.5,1,,,https://www.whosonfirst.org/docs/licenses/
Bogatić," Glušci",44.89021,19.54912,"Glušci, Mačvanski Okrug, Србија",,,,,,Bogatic,Glušci,Mačvanski Okrug,Централна Србија,Србија,rs,,0.5,1,,,https://www.whosonfirst.org/docs/licenses/
Bogatić," Glušci; Svetomira Alimpića 18",44.8375,19.48056,"Bogatić, Mačvanski Okrug, Србија",,,,,,Bogatic,Bogatić,Mačvanski Okrug,Централна Србија,Србија,rs,,0,1,,,https://www.whosonfirst.org/docs/licenses/
Bogatić," Nebojše Jerković",44.766379,20.500228,"Brace Jerkovic, Београд, Србија",,,Brace Jerkovic,,,Градска општина Савски венац,Београд,Град Београд,Централна Србија,Србија,rs,,0,,© OpenStreetMap contributors,Open Database License,https://www.openstreetmap.org/copyright
Bujanovac," Kilnovac",,,,,,,,,,,,,,,,,,,,
Despotovac," Jasenovo",44.15313,21.30769,"Jasenovo, Поморавски управни округ, Србија",,,,,,Деспотовац,Jasenovo,Поморавски управни округ,Централна Србија,Србија,rs,,0.26249999999999996,0.5249999999999999,,,https://www.whosonfirst.org/docs/licenses/
Doljevac," Orljane",43.2136212,21.8191051,"Орљане, 18410 Општина Дољевац, Србија",Орљане,,,,18410,,Општина Дољевац,Нишавски управни округ,Централна Србија,Србија,rs,,0,,© OpenStreetMap contributors,Open Database License,https://www.openstreetmap.org/copyright
Doljevac," Šarlinac",43.19557,21.79369,"Šarlinac, Nišavski Okrug, Србија",,,,,,Општина Дољевац,Šarlinac,Nišavski Okrug,Централна Србија,Србија,rs,,0,,,,https://www.whosonfirst.org/docs/licenses/
Golubac," Dobra; Partizanska 107",43.39578,21.33728,"Dobra Voda, Блаце, Топлички управни округ, Србија",Dobra Voda,,,,,,Блаце,Топлички управни округ,Централна Србија,Србија,rs,,0.9,,,CC BY 4.0,https://www.geonames.org/datasources/
Inđija," ",,,,,,,,,,,,,,,,,,,,
Inđija," Beška",45.13092,20.06698,"Beška, Сремски управни округ, Србија",,,,,,Indjija,Beška,Сремски управни округ,Војводина,Србија,rs,,0.3,0.6,,,https://www.whosonfirst.org/docs/licenses/
Inđija," Krčedin",45.13872,20.13308,"Krčedin, Сремски управни округ, Србија",,,,,,Indjija,Krčedin,Сремски управни округ,Војводина,Србија,rs,,0.3,0.6,,,https://www.whosonfirst.org/docs/licenses/
Inđija," Novi Slankamen",45.12554,20.23914,"Novi Slankamen, Сремски управни округ, Србија",,,,,,Indjija,Novi Slankamen,Сремски управни округ,Војводина,Србија,rs,,0.3,0.6,,,https://www.whosonfirst.org/docs/licenses/
Inđija," Novi Slankamen; Branka Radičevića 45",45.04816,20.08165,"Inđija, Сремски управни округ, Србија",,,,,,Indjija,Inđija,Сремски управни округ,Војводина,Србија,rs,,0.25,1,,,https://www.whosonfirst.org/docs/licenses/
Inđija," Čortanovci",45.160334,19.994428,"Čortanovci II - Br. 1879, Indjija, Сремски управни округ, Србија",Čortanovci II - Br. 1879,,,,,,Indjija,Сремски управни округ,Војводина,Србија,rs,0.57,0.57,0.6,© OpenStreetMap contributors,Open Database License,https://www.openstreetmap.org/copyright
Irig," Banja Vrdnik",43.621868,20.894727,"Vrnjačka Banja, Raški Okrug, Србија",,,,,,Vrnjacka Banja,Vrnjačka Banja,Raški Okrug,Централна Србија,Србија,rs,,0,,,,https://www.whosonfirst.org/docs/licenses/
Irig," Jazak",45.10444,19.76694,"Jazak, Сремски управни округ, Србија",,,,,,Irig,Jazak,Сремски управни округ,Војводина,Србија,rs,,0.5,1,,,https://www.whosonfirst.org/docs/licenses/
Jagodina," Bagrdan",44.07115,21.17867,"Bagrdan, Поморавски управни округ, Србија",,,,,,Јагодина,Bagrdan,Поморавски управни округ,Централна Србија,Србија,rs,,0.31111111111111106,0.6222222222222221,,,https://www.whosonfirst.org/docs/licenses/
Jagodina," Bunar; nn",43.92004,21.14698,"Bunar, Поморавски управни округ, Србија",,,,,,Јагодина,Bunar,Поморавски управни округ,Централна Србија,Србија,rs,,0.15555555555555553,0.6222222222222221,,,https://www.whosonfirst.org/docs/licenses/
Jagodina," Novo Lanište",44.03173,21.23835,"Novo Lanište, Поморавски управни округ, Србија",,,,,,Јагодина,Novo Lanište,Поморавски управни округ,Централна Србија,Србија,rs,,0.31111111111111106,0.6222222222222221,,,https://www.whosonfirst.org/docs/licenses/
Jagodina," Pivara; Dušana Popovića 7",43.97552,21.26258,"Opština Jagodina, Поморавски управни округ, Србија",,,,,,Јагодина,Opština Jagodina,Поморавски управни округ,Централна Србија,Србија,rs,,0.2375,0.95,,CC BY 4.0,https://www.geonames.org/datasources/
Jagodina," Ribare",44.01007,21.28511,"Ribare, Поморавски управни округ, Србија",,,,,,Јагодина,Ribare,Поморавски управни округ,Централна Србија,Србија,rs,,0.31111111111111106,0.6222222222222221,,,https://www.whosonfirst.org/docs/licenses/
Jagodina," Štipljanski put bb",43.976762,21.264375,"Јагодина, Поморавски управни округ, Србија",,,,,,Јагодина,Јагодина,Поморавски управни округ,Централна Србија,Србија,rs,,0.15555555555555553,0.6222222222222221,,,https://www.whosonfirst.org/docs/licenses/
Kikinda," ",,,,,,,,,,,,,,,,,,,,
Kikinda," Bašaid; 4.oktobra 25",,,,,,,,,,,,,,,,,,,,
Kikinda," Semlacka",45.841949,20.468661,"Semlacka, Кикинда, Србија",,,Semlacka,,,,Кикинда,Севернобанатски округ,Војводина,Србија,rs,1,1,1,© OpenStreetMap contributors,Open Database License,https://www.openstreetmap.org/copyright
Kikinda," Srbobranska 160",45.820789,20.43541,"Srbobranska, Град Кикинда, Србија",,,Srbobranska,АБЦ насеље,,Кикинда,Град Кикинда,Севернобанатски округ,Војводина,Србија,rs,1,0.5,1,© OpenStreetMap contributors,Open Database License,https://www.openstreetmap.org/copyright
Knić," ",,,,,,,,,,,,,,,,,,,,
Knjaževac," Centar; Kaplarova 1",45.125089,19.223373,"Centar, Sid, Сремски управни округ, Србија",Centar,,,,,,Sid,Сремски управни округ,Војводина,Србија,rs,,1,,© OpenStreetMap contributors,Open Database License,https://www.openstreetmap.org/copyright
Knjaževac," Podvis; Podvis-gornja kolonija",,,,,,,,,,,,,,,,,,,,
Koceljeva," Šesta lička",45.289074,21.002751,"Licka, Plandiste, Србија",,,Licka,,,,Plandiste,Južnobanatski Okrug,Војводина,Србија,rs,,0,,© OpenStreetMap contributors,Open Database License,https://www.openstreetmap.org/copyright
Kovin," Bavanište",44.8172426,20.8755889,"Баваниште, Општина Ковин, Јужнобанатски управни округ, Србија",Баваниште,,,,,,Општина Ковин,Јужнобанатски управни округ,Војводина,Србија,rs,0.95,0.95,0.95,© OpenStreetMap contributors,Open Database License,https://www.openstreetmap.org/copyright
Kovin," Proleterska",44.7415248,20.9722915,"Пролетерска, 26220 Општина Ковин, Србија",Пролетерска,,Пролетерска,,26220,Ковин,Општина Ковин,Јужнобанатски управни округ,Војводина,Србија,rs,0.5923076923076923,0.5923076923076923,1,© OpenStreetMap contributors,Open Database License,https://www.openstreetmap.org/copyright
Kovin," Proleterska 161",44.7415248,20.9722915,"Пролетерска, 26220 Општина Ковин, Србија",Пролетерска,,Пролетерска,,26220,Ковин,Општина Ковин,Јужнобанатски управни округ,Војводина,Србија,rs,0.5923076923076923,0.29615384615384616,1,© OpenStreetMap contributors,Open Database License,https://www.openstreetmap.org/copyright
Kragujevac," Aerodrom",44.018651,22.132448,"Aerodrom, Бор, Србија",,,Aerodrom,,,,Бор,Borski Okrug,Централна Србија,Србија,rs,,0,,© OpenStreetMap contributors,Open Database License,https://www.openstreetmap.org/copyright
Kragujevac," Bagremar; Miladina Petrovica 6",45.651854,19.463829,"Bagremar, Кула, Zapadnobački upravni okrug, Србија",Bagremar,,,,,,Кула,Zapadnobački upravni okrug,Војводина,Србија,rs,,1,,© OpenStreetMap contributors,Open Database License,https://www.openstreetmap.org/copyright
Kragujevac," Beloševac",43.98496,20.92801,"Belosevac, Šumadijski District, Србија",,,,,,Kragujevac,Belosevac,Šumadijski District,Централна Србија,Србија,rs,,0.5,1,,,https://www.whosonfirst.org/docs/licenses/
Kragujevac," Beloševac; Belosevac",43.98496,20.92801,"Belosevac, Šumadijski District, Србија",,,,,,Kragujevac,Belosevac,Šumadijski District,Централна Србија,Србија,rs,,0.5,1,,,https://www.whosonfirst.org/docs/licenses/
Kragujevac," Bresnica",43.87448,20.59005,"Бресница, Moravički upravni okrug, Србија",,,,,,Cacak,Бресница,Moravički upravni okrug,Централна Србија,Србија,rs,,0,,,,https://www.whosonfirst.org/docs/licenses/
Kragujevac," Centar; Mala Vaga",,,,,,,,,,,,,,,,,,,,
Kragujevac," Centar; Miloja Pavlovica 5-1",44.019486,20.877514,"Kragujevac, Централна Србија, Србија",,,,,,,Kragujevac,Šumadijski upravni okrug,Централна Србија,Србија,rs,,0.25,1,,,https://www.whosonfirst.org/docs/licenses/
Kragujevac," Centar; Ćiftina Ćuprija; Kosovska",,,,,,,,,,,,,,,,,,,,
Kragujevac," Erdeč",43.97138,20.8999,"Ердеч, Šumadijski District, Србија",,,,,,Kragujevac,Ердеч,Šumadijski District,Централна Србија,Србија,rs,,0.5,1,,,https://www.whosonfirst.org/docs/licenses/
Kragujevac," Maršić",44.03264,20.97772,"Maršić, Šumadijski District, Србија",,,,,,Kragujevac,Maršić,Šumadijski District,Централна Србија,Србија,rs,,0.5,1,,,https://www.whosonfirst.org/docs/licenses/
Kragujevac," Opornica",44.06105,20.8843,"Opornica, Šumadijski District, Србија",,,,,,Kragujevac,Opornica,Šumadijski District,Централна Србија,Србија,rs,,0.5,1,,,https://www.whosonfirst.org/docs/licenses/
Kragujevac," Palilule; Licika",,,,,,,,,,,,,,,,,,,,
Kragujevac," Pivara",44.735551,20.446451,"Пивара Салто, Патријарха Димитрија 24, 11090 Београд, Србија",Пивара Салто,24,Патријарха Димитрија,,11090,Градска општина Савски венац,Београд,Град Београд,Централна Србија,Србија,rs,,0,,© OpenStreetMap contributors,Open Database License,https://www.openstreetmap.org/copyright
Kragujevac," Pivara; Centar preko Lepenice",,,,,,,,,,,,,,,,,,,,
Kragujevac," Poskurice",44.04794,20.85232,"Poskurice, Šumadijski District, Србија",,,,,,Kragujevac,Poskurice,Šumadijski District,Централна Србија,Србија,rs,,0.5,1,,,https://www.whosonfirst.org/docs/licenses/
Kragujevac," Stanovo",43.99949,20.88153,"Stanovo, Šumadijski upravni okrug, Србија",,,,,,Kragujevac,Stanovo,Šumadijski upravni okrug,Централна Србија,Србија,rs,,0.5,1,,,https://www.whosonfirst.org/docs/licenses/
Kragujevac," Trmbas",43.9848,20.96337,"Трмбас, Šumadijski District, Србија",,,,,,Kragujevac,Трмбас,Šumadijski District,Централна Србија,Србија,rs,,0.5,1,,,https://www.whosonfirst.org/docs/licenses/
Kragujevac," Vašarište; Veliki Park",,,,,,,,,,,,,,,,,,,,
Kragujevac," Vinogradi",44.019486,20.877514,"Kragujevac, Централна Србија, Србија",,,,,,,Kragujevac,Šumadijski upravni okrug,Централна Србија,Србија,rs,,0.5,1,,,https://www.whosonfirst.org/docs/licenses/
Kragujevac," Đuriselo",44.019486,20.877514,"Kragujevac, Централна Србија, Србија",,,,,,,Kragujevac,Šumadijski upravni okrug,Централна Србија,Србија,rs,,0.5,1,,,https://www.whosonfirst.org/docs/licenses/
Kragujevac," Šumarice",43.72265,20.7721,"Šumarice, Raški Okrug, Србија",,,,,,Краљево,Šumarice,Raški Okrug,Централна Србија,Србија,rs,,0,,,,https://www.whosonfirst.org/docs/licenses/
Kraljevo," Adrani",43.76263,20.63473,"Адрани, Raški Okrug, Србија",,,,,,Краљево,Адрани,Raški Okrug,Централна Србија,Србија,rs,,0.31111111111111106,0.6222222222222221,,,https://www.whosonfirst.org/docs/licenses/
Kraljevo," Braće Pirić; Branislava Rumenica 128a",43.57749,21.70033,"Kraljevo, Nišavski Okrug, Србија",,,,,,Алексинац,Kraljevo,Nišavski Okrug,Централна Србија,Србија,rs,,0,1,,,https://www.whosonfirst.org/docs/licenses/
Kraljevo," Centar",44.796876,20.488452,"GAME CENTAR, Жичка 20, 11000 Београд, Србија",GAME CENTAR,20,Жичка,,11000,Градска општина Савски венац,Београд,Град Београд,Централна Србија,Србија,rs,,0,,© OpenStreetMap contributors,Open Database License,https://www.openstreetmap.org/copyright
Kraljevo," Centar; Boračko naselje",43.7247249,20.68292098035677,"Духовни центар ""Св. Николај Велимировић"", Карађорђева 3, 36000 Град Краљево, Србија","Духовни центар ""Св. Николај Велимировић""",3,Карађорђева,Хигијенски Завод,36000,Краљево,Град Краљево,Рашки управни округ,Централна Србија,Србија,rs,,0,0.6222222222222221,© OpenStreetMap contributors,Open Database License,https://www.openstreetmap.org/copyright
Kraljevo," Grdica",43.57749,21.70033,"Kraljevo, Nišavski Okrug, Србија",,,,,,Алексинац,Kraljevo,Nišavski Okrug,Централна Србија,Србија,rs,,0.5,1,,,https://www.whosonfirst.org/docs/licenses/
Kraljevo," Konarevo",43.702,20.61231,"Konarevo, Raški Okrug, Србија",,,,,,Краљево,Konarevo,Raški Okrug,Централна Србија,Србија,rs,,0.31111111111111106,0.6222222222222221,,,https://www.whosonfirst.org/docs/licenses/
Kraljevo," Kovanluk",43.70549,20.70559,"Kovanluk, Raški Okrug, Србија",,,,,,Краљево,Kovanluk,Raški Okrug,Централна Србија,Србија,rs,,0.31111111111111106,0.6222222222222221,,,https://www.whosonfirst.org/docs/licenses/
Kraljevo," Kovanluk; Kovanlučka",43.57749,21.70033,"Kraljevo, Nišavski Okrug, Србија",,,,,,Алексинац,Kraljevo,Nišavski Okrug,Централна Србија,Србија,rs,,0,1,,,https://www.whosonfirst.org/docs/licenses/
Kraljevo," Mataruška Banja; Slobodana Stojkovica 42",43.69722,20.59694,"Železnička Stanica Mataruška Banja, Краљево, Raški Okrug, Србија",Železnička Stanica Mataruška Banja,,,,,,Краљево,Raški Okrug,Централна Србија,Србија,rs,,0.95,0.6222222222222221,,CC BY 4.0,https://www.geonames.org/datasources/
Kraljevo," Milakovac; Milakovac bb",43.57749,21.70033,"Kraljevo, Nišavski Okrug, Србија",,,,,,Алексинац,Kraljevo,Nišavski Okrug,Централна Србија,Србија,rs,,0.25,1,,,https://www.whosonfirst.org/docs/licenses/
Kraljevo," Ribnica; Radoslava Mandica",43.57749,21.70033,"Kraljevo, Nišavski Okrug, Србија",,,,,,Алексинац,Kraljevo,Nišavski Okrug,Централна Србија,Србија,rs,,0,1,,,https://www.whosonfirst.org/docs/licenses/
Kraljevo," Ribnica; Ribnički kej",,,,,,,,,,,,,,,,,,,,
Kraljevo," Ribnica; nikola tesle 24",43.57749,21.70033,"Kraljevo, Nišavski Okrug, Србија",,,,,,Алексинац,Kraljevo,Nišavski Okrug,Централна Србија,Србија,rs,,0,1,,,https://www.whosonfirst.org/docs/licenses/
Kraljevo," Sijaće Polje; Sijaće polje",43.72856,20.6934509,"Краљево, Индустријска, 36101 Град Краљево, Србија",Краљево,,Индустријска,Сијаће Поље,36101,Краљево,Град Краљево,Рашки управни округ,Централна Србија,Србија,rs,,0,0.6222222222222221,© OpenStreetMap contributors,Open Database License,https://www.openstreetmap.org/copyright
Kraljevo," Stara Čaršija",43.57749,21.70033,"Kraljevo, Nišavski Okrug, Србија",,,,,,Алексинац,Kraljevo,Nišavski Okrug,Централна Србија,Србија,rs,,0.5,1,,,https://www.whosonfirst.org/docs/licenses/
Kraljevo," Vitkovac",43.79479,20.78364,"Витковац, Raški Okrug, Србија",,,,,,Краљево,Витковац,Raški Okrug,Централна Србија,Србија,rs,,0.31111111111111106,0.6222222222222221,,,https://www.whosonfirst.org/docs/licenses/
Kraljevo," Vojno Naselje",43.7249818,20.659891,"Војно насеље, Град Краљево, Централна Србија, Србија",Војно насеље,,,Војно насеље,36000,Краљево,Град Краљево,Рашки управни округ,Централна Србија,Србија,rs,,0.31111111111111106,0.6222222222222221,© OpenStreetMap contributors,Open Database License,https://www.openstreetmap.org/copyright
Kraljevo," Vojvode Stepe",43.7290682,20.6813632,"Војводе Степе, 36000 Град Краљево, Србија",Војводе Степе,,Војводе Степе,Хигијенски Завод,36000,Краљево,Град Краљево,Рашки управни округ,Централна Србија,Србија,rs,0.34844444444444433,0.34844444444444433,0.6222222222222221,© OpenStreetMap contributors,Open Database License,https://www.openstreetmap.org/copyright
Kraljevo," Žiča; Zicka 27",43.69457,20.64585,"Manastir Žiča, Краљево, Raški Okrug, Србија",Manastir Žiča,,,,,,Краљево,Raški Okrug,Централна Србија,Србија,rs,,0.95,0.6222222222222221,,CC BY 4.0,https://www.geonames.org/datasources/
Krupanj," ",,,,,,,,,,,,,,,,,,,,
Kruševac," Bulevar Nikole Pašića",43.522541,21.355803,"Krusevac, Централна Србија, Србија",,,,,,,Krusevac,Расински управни округ,Централна Србија,Србија,rs,,0.5,1,,,https://www.whosonfirst.org/docs/licenses/
Kruševac," Kapidžija",43.5744,21.38752,"Kapidžija, Расински управни округ, Србија",,,,,,Krusevac,Kapidžija,Расински управни округ,Централна Србија,Србија,rs,,0.5,1,,,https://www.whosonfirst.org/docs/licenses/
Kruševac," Kukljin",43.60424,21.23379,"Kukljin, Расински управни округ, Србија",,,,,,Krusevac,Kukljin,Расински управни округ,Централна Србија,Србија,rs,,0.5,1,,,https://www.whosonfirst.org/docs/licenses/
Kruševac," Malo Golovode",43.55992,21.34368,"Malo Golovode, Расински управни округ, Србија",,,,,,Krusevac,Malo Golovode,Расински управни округ,Централна Србија,Србија,rs,,0.5,1,,,https://www.whosonfirst.org/docs/licenses/
Kruševac," Čitluk",43.59404,21.27194,"Čitluk, Расински управни округ, Србија",,,,,,Krusevac,Čitluk,Расински управни округ,Централна Србија,Србија,rs,,0.5,1,,,https://www.whosonfirst.org/docs/licenses/
Kruševac," Đunis",43.60258,21.50405,"Železnička Stanica Ðunis, Krusevac, Расински управни округ, Србија",Železnička Stanica Ðunis,,,,,,Krusevac,Расински управни округ,Централна Србија,Србија,rs,0.95,0.95,1,,CC BY 4.0,https://www.geonames.org/datasources/
Kula," Crvenka; Marsala Tita 131",45.6591573,19.4540877,"25220 Црвенка, Маршала Тита 125, 25220 Општина Кула, Србија",25220 Црвенка,125,Маршала Тита,,25220,Црвенка,Општина Кула,Западнобачки управни округ,Војводина,Србија,rs,0.9025,0.43947826086956515,0.95,© OpenStreetMap contributors,Open Database License,https://www.openstreetmap.org/copyright
Kula," Sivac",45.7032662,19.3822068,"Сивац, Општина Кула, Западнобачки управни округ, Србија",Сивац,,,,,,Општина Кула,Западнобачки управни округ,Војводина,Србија,rs,0.95,0.95,0.95,© OpenStreetMap contributors,Open Database License,https://www.openstreetmap.org/copyright
Kula," Sivac; Njegoševa 18a",45.7032662,19.3822068,"Сивац, Општина Кула, Западнобачки управни округ, Србија",Сивац,,,,,,Општина Кула,Западнобачки управни округ,Војводина,Србија,rs,,0.5,0.95,© OpenStreetMap contributors,Open Database License,https://www.openstreetmap.org/copyright
Kuršumlija," Centar; 16 februar",,,,,,,,,,,,,,,,,,,,
Kuršumlija," Prolom Banja; Prolom 15",43.03618,21.41122,"Prolom, Топлички управни округ, Србија",,,,,,Kursumlija,Prolom,Топлички управни округ,Централна Србија,Србија,rs,,0.25,1,,,https://www.whosonfirst.org/docs/licenses/
Kuršumlija," Spance; Radicevici",43.19889,21.26879,"Spance, Србија",,,,,,,Spance,,,Србија,rs,,0,,,,https://www.whosonfirst.org/docs/licenses/
Kučevo," Velimira Damjanovica 70",44.481701,21.671111,"Velimira Damjanovica, 12240 Kucevo, Србија",,,Velimira Damjanovica,,12240,,Kucevo,Braničevski Okrug,Централна Србија,Србија,rs,1,0.5,1,© OpenStreetMap contributors,Open Database License,https://www.openstreetmap.org/copyright
Lajkovac," Karadjordjeva 3",44.47843,20.22748,"Mali Borak, Kolubarski Okrug, Србија",,,,,,Лесковац,Mali Borak,Kolubarski Okrug,Централна Србија,Србија,rs,,0,,,,https://www.whosonfirst.org/docs/licenses/
Lajkovac," Ložionička 38",44.366109,20.161423,"Ložionička, 14224 Лесковац, Србија",,,Ložionička,,14224,,Лесковац,Kolubarski Okrug,Централна Србија,Србија,rs,,0,,© OpenStreetMap contributors,Open Database License,https://www.openstreetmap.org/copyright
Lapovo," ",,,,,,,,,,,,,,,,,,,,
Leposavić," Lešak; Brace Matovic",44.805391,20.472367,"Brace Nedic, Београд, Србија",,,Brace Nedic,,,Градска општина Савски венац,Београд,Град Београд,Централна Србија,Србија,rs,,0,,© OpenStreetMap contributors,Open Database License,https://www.openstreetmap.org/copyright
Leskovac," Gornje Stopanje",42.99665,21.90699,"Gornje Stopanje, Jablanički Okrug, Србија",,,,,,Лесковац,Gornje Stopanje,Jablanički Okrug,Централна Србија,Србија,rs,,0.24499999999999997,0.48999999999999994,,,https://www.whosonfirst.org/docs/licenses/
Leskovac," Gornje Stopanje; GORNJE STOPANJE BB 6",42.99665,21.90699,"Gornje Stopanje, Jablanički Okrug, Србија",,,,,,Лесковац,Gornje Stopanje,Jablanički Okrug,Централна Србија,Србија,rs,,0,0.48999999999999994,,,https://www.whosonfirst.org/docs/licenses/
Leskovac," Hisar; Fruskogorska 4",43.84742,20.74463,"Лесковац, Србија",,,,,,,Лесковац,,,Србија,rs,,0,0.48999999999999994,,,https://www.whosonfirst.org/docs/licenses/
Leskovac," Hisar; Radanska 19",44.36132,21.44625,"Leskovac, Braničevski Okrug, Србија",,,,,,Петровац,Leskovac,Braničevski Okrug,Централна Србија,Србија,rs,,0.5625,1,,,https://www.whosonfirst.org/docs/licenses/
Leskovac," Marko Crni; Dr Jovana Kasikovica LESKOVAC 8",42.99806,21.94611,"Leskovac, Jablanički Okrug, Србија",,,,,,Лесковац,Leskovac,Jablanički Okrug,Централна Србија,Србија,rs,,0.25,1,,CC BY 4.0,https://www.geonames.org/datasources/
Loznica," Klupci",44.5385,19.24549,"Klupci, Mačvanski Okrug, Србија",,,,,,Лозница,Klupci,Mačvanski Okrug,Централна Србија,Србија,rs,,0.26249999999999996,0.5249999999999999,,,https://www.whosonfirst.org/docs/licenses/
Loznica," Lipnica; Jadarska 10",44.3225,20.05446,"Loznica, Kolubarski Okrug, Србија",,,,,,Ваљево,Loznica,Kolubarski Okrug,Централна Србија,Србија,rs,,0,1,,,https://www.whosonfirst.org/docs/licenses/
Loznica," Tršić; Jovana Cvijića",44.3225,20.05446,"Loznica, Kolubarski Okrug, Србија",,,,,,Ваљево,Loznica,Kolubarski Okrug,Централна Србија,Србија,rs,,0,1,,,https://www.whosonfirst.org/docs/licenses/
Lučani," Guča; Republike bb",43.776745,20.22603,"Republike, Lucani, Србија",,,Republike,,,,Lucani,Moravički upravni okrug,Централна Србија,Србија,rs,1,0.625,1,© OpenStreetMap contributors,Open Database License,https://www.openstreetmap.org/copyright
Majdanpek," Donji Milanovac",44.425697,21.944927,"Мајданпек, Borski Okrug, Србија",,,,,,Мајданпек,Мајданпек,Borski Okrug,Централна Србија,Србија,rs,,0.405,0.81,,,https://www.whosonfirst.org/docs/licenses/
Majdanpek," Donji Milanovac; Stara Mosna",,,,,,,,,,,,,,,,,,,,
Mali Zvornik," Mali Zvornik; Miloša Gajića 16",44.37344,19.10651,"Mali Zvornik, Mačvanski Okrug, Србија",,,,,,Општина Мали Зворник,Mali Zvornik,Mačvanski Okrug,Централна Србија,Србија,rs,,0.25,1,,,https://www.whosonfirst.org/docs/licenses/
Mali Zvornik," Vuka Karadzica 36",44.367754,19.169915,"Општина Мали Зворник, Централна Србија, Србија",,,,,,,Општина Мали Зворник,Mačvanski Okrug,Централна Србија,Србија,rs,,0.2375,0.95,,,https://www.whosonfirst.org/docs/licenses/
Medveđa," Tulare",42.79417,21.46054,"Tulare, Jablanički Okrug, Србија",,,,,,Medvedja,Tulare,Jablanički Okrug,Централна Србија,Србија,rs,,0.30624999999999997,0.6124999999999999,,,https://www.whosonfirst.org/docs/licenses/
Merošina," Jug Bogdanovac",43.26289,21.65188,"Jug-Bogdanovac, Nišavski Okrug, Србија",,,,,,Merosina,Jug-Bogdanovac,Nišavski Okrug,Централна Србија,Србија,rs,,0.5,1,,,https://www.whosonfirst.org/docs/licenses/
Merošina," Mramorsko Brdo; Mramor; Niš",,,,,,,,,,,,,,,,,,,,
Negotin," Bukovče; Dimitrija Božinovića 25",44.22639,22.53083,"Negotin, Borski Okrug, Србија",,,,,,Неготин,Negotin,Borski Okrug,Централна Србија,Србија,rs,,0.25,1,,,https://www.whosonfirst.org/docs/licenses/
Niš," Crveni Krst; Beograd Mala; Bulevar 12. februar 45A",43.3241477,21.889945,"18104 Ниш, Булевар 12. фебруар 27, 18101 Ниш, Србија",18104 Ниш,27,Булевар 12. фебруар,Ниш (Црвени Крст),18101,Градска општина Црвени Крст,Ниш,Нишавски управни округ,Централна Србија,Србија,rs,0.32666666666666655,0.14699999999999996,0.5249999999999999,© OpenStreetMap contributors,Open Database License,https://www.openstreetmap.org/copyright
Niš," Crveni Krst; Gornji Komren",,,,,,,,,,,,,,,,,,,,
Niš," Crveni Krst; svetislava markovica 28",43.32472,21.90333,"Niš, Nišavski Okrug, Србија",,,,,,Medijana,Niš,Nišavski Okrug,Централна Србија,Србија,rs,,0.25,1,,CC BY 4.0,https://www.geonames.org/datasources/
Niš," Kamenica; kamenica",43.02506,20.59824,"Niš, Raški Okrug, Србија",,,,,,Нови Пазар,Niš,Raški Okrug,Централна Србија,Србија,rs,,0.5,1,,,https://www.whosonfirst.org/docs/licenses/
Niš," Palilula; Milka Protić",43.31579645,21.83865575,"Xingyu Automotive Lighting Systems doo Niš, Димитрија Туцовића, 18249 Град Ниш, Србија",Xingyu Automotive Lighting Systems doo Niš,,Димитрија Туцовића,Ниш (Палилула),18249,Градска општина Палилула,Град Ниш,Нишавски управни округ,Централна Србија,Србија,rs,,0,,© OpenStreetMap contributors,Open Database License,https://www.openstreetmap.org/copyright
Niš," Palilula; Palilulska Rampa",43.31302,21.89806,"Palilulska Rampa, Ниш, Nišavski Okrug, Србија",Palilulska Rampa,,,,,Medijana,Ниш,Nišavski Okrug,Централна Србија,Србија,rs,,0.6666666666666667,0.5249999999999999,,CC BY 4.0,https://www.geonames.org/datasources/
Niš," Palilula; Staro Groblje; Cerska 14",,,,,,,,,,,,,,,,,,,,
Niš," Supovac",43.38823,21.75848,"Supovac, Nišavski Okrug, Србија",,,,,,Црвени крст,Supovac,Nišavski Okrug,Централна Србија,Србија,rs,,0,,,,https://www.whosonfirst.org/docs/licenses/
Niš," Zbirište",,,,,,,,,,,,,,,,,,,,
Nova Crnja," Srpska Crnja",45.66833,20.605,"Nova Crnja, Средњобанатски управни округ, Србија",,,,,,Нова Црња,Nova Crnja,Средњобанатски управни округ,Војводина,Србија,rs,,0.5,1,,,https://www.whosonfirst.org/docs/licenses/
Novi Bečej," Karadjordjeva 114",45.603209,20.126125,"Karadjordjeva, 23272 Novi Becej, Србија",,,Karadjordjeva,Врањево,23272,,Novi Becej,Средњобанатски управни округ,Војводина,Србија,rs,1,0.5,1,© OpenStreetMap contributors,Open Database License,https://www.openstreetmap.org/copyright
Novi Sad," Budisava; Stari Ledinci",45.185901,19.803787,"Stari Ledinci - Centar, Novi Sad, Južnobački Okrug, Србија",Stari Ledinci - Centar,,,,,,Novi Sad,Južnobački Okrug,Војводина,Србија,rs,,0,1,© OpenStreetMap contributors,Open Database License,https://www.openstreetmap.org/copyright
Novi Sad," Kovilj",45.2275974,20.0223418,"Ковиљ, 21243 Град Нови Сад, Србија",Ковиљ,,,,21243,,Град Нови Сад,Јужнобачки управни округ,Војводина,Србија,rs,,0.475,0.95,© OpenStreetMap contributors,Open Database License,https://www.openstreetmap.org/copyright
Novi Sad," Šangaj; Treća",45.275663,19.874652,"Kapija - Šangaj, Петроварадин, Južnobački Okrug, Србија",Kapija - Šangaj,,,,,Novi Sad,Петроварадин,Južnobački Okrug,Војводина,Србија,rs,,0,1,© OpenStreetMap contributors,Open Database License,https://www.openstreetmap.org/copyright
Odžaci," ",,,,,,,,,,,,,,,,,,,,
Odžaci," VOJVODE PUTNIKA 21",43.59799,21.03602,"Odžaci, Расински управни округ, Србија",,,,,,Трстеник,Odžaci,Расински управни округ,Централна Србија,Србија,rs,,0.25,1,,,https://www.whosonfirst.org/docs/licenses/
Pančevo," Banatski Brestovac; 4 Oktibar 6",,,,,,,,,,,,,,,,,,,,
Pančevo," Banatsko Novo Selo",44.98941,20.78362,"Banatsko Novo Selo, Južnobanatski Okrug, Србија",,,,,,Pancevo,Banatsko Novo Selo,Južnobanatski Okrug,Војводина,Србија,rs,,0.5,1,,,https://www.whosonfirst.org/docs/licenses/
Pančevo," Banatsko Novo Selo; Bratstva Jedinstva 79",44.98941,20.78362,"Banatsko Novo Selo, Južnobanatski Okrug, Србија",,,,,,Pancevo,Banatsko Novo Selo,Južnobanatski Okrug,Војводина,Србија,rs,,0.25,1,,,https://www.whosonfirst.org/docs/licenses/
Pančevo," Dolovo",44.89817,20.87787,"Dolovo, Južnobanatski Okrug, Србија",,,,,,Pancevo,Dolovo,Južnobanatski Okrug,Војводина,Србија,rs,,0.5,1,,,https://www.whosonfirst.org/docs/licenses/
Pančevo," Ivanovo",44.73949,20.69778,"Ivanovo, Južnobanatski Okrug, Србија",,,,,,Pancevo,Ivanovo,Južnobanatski Okrug,Војводина,Србија,rs,,0.5,1,,,https://www.whosonfirst.org/docs/licenses/
Pančevo," Starčevo; Pancevacki put 37",44.84556,19.74139,"Starčevo Brdo, Рума, Сремски управни округ, Србија",Starčevo Brdo,,,,,,Рума,Сремски управни округ,Војводина,Србија,rs,,0.95,,,CC BY 4.0,https://www.geonames.org/datasources/
Pančevo," Starčevo; Radnička 48",44.809955,20.712779,"Radnicka, Pancevo, Србија",,,Radnicka,,,,Pancevo,Južnobanatski Okrug,Војводина,Србија,rs,1,0.5,1,© OpenStreetMap contributors,Open Database License,https://www.openstreetmap.org/copyright
Pančevo," Topola",44.848579,20.6599295,"Топола, 26103 Град Панчево, Србија",Топола,,,Војловица,26103,Панчево,Град Панчево,Јужнобанатски управни округ,Војводина,Србија,rs,0.5444444444444444,0.5444444444444444,0.5444444444444444,© OpenStreetMap contributors,Open Database License,https://www.openstreetmap.org/copyright
Pančevo," Topola; Toze Markovića",44.891589,20.722067,"Pancevo, Војводина, Србија",,,,,,,Pancevo,Južnobanatski Okrug,Војводина,Србија,rs,,0.5,1,,,https://www.whosonfirst.org/docs/licenses/
Paraćin," Centar; iznad auto/puta 64; teslina bb",,,,,,,,,,,,,,,,,,,,
Paraćin," Gloždak; Milojka Lešjanina 14",43.854635,21.426365,"Milojka Lesjanina, Paraćin, Србија",,,Milojka Lesjanina,,,Paracin,Paraćin,Поморавски управни округ,Централна Србија,Србија,rs,1,0.5,1,© OpenStreetMap contributors,Open Database License,https://www.openstreetmap.org/copyright
Pećinci," Obrež; Grobljanska 45a",,,,,,,,,,,,,,,,,,,,
Pirot," Centar",44.796876,20.488452,"GAME CENTAR, Жичка 20, 11000 Београд, Србија",GAME CENTAR,20,Жичка,,11000,Градска општина Савски венац,Београд,Град Београд,Централна Србија,Србија,rs,,0,,© OpenStreetMap contributors,Open Database License,https://www.openstreetmap.org/copyright
Pirot," Nova Mala; Pirot 66; Vojvode Pitnika 66",44.798805,20.492688,"Kardio Nova, Милана Ракића 6, 11000 Београд, Србија",Kardio Nova,6,Милана Ракића,,11000,Градска општина Савски венац,Београд,Град Београд,Централна Србија,Србија,rs,,0,,© OpenStreetMap contributors,Open Database License,https://www.openstreetmap.org/copyright
Pirot," Prisjansko Naselje; Prisjanski put 33",,,,,,,,,,,,,,,,,,,,
Plandište," ",,,,,,,,,,,,,,,,,,,,
Plandište," Kupinik",45.29254,21.13702,"Kupinik, Južnobanatski Okrug, Србија",,,,,,Plandiste,Kupinik,Južnobanatski Okrug,Војводина,Србија,rs,,0.5,1,,,https://www.whosonfirst.org/docs/licenses/
Plandište," Markovićevo; Begejska 42",45.22722,21.12167,"Plandište, Južnobanatski Okrug, Србија",,,,,,Plandiste,Plandište,Južnobanatski Okrug,Војводина,Србија,rs,,0,1,,,https://www.whosonfirst.org/docs/licenses/
Plandište," Prvomajska 37",45.2323991,21.1184637,"Првомајска, 26360 Општина Пландиште, Србија",Првомајска,,Првомајска,,26360,Пландиште,Општина Пландиште,Јужнобанатски управни округ,Војводина,Србија,rs,0.5727272727272728,0.2863636363636364,0.5727272727272728,© OpenStreetMap contributors,Open Database License,https://www.openstreetmap.org/copyright
Požarevac," Kostolac",44.71356,21.16929,"Kostolac, Braničevski Okrug, Србија",,,,,,Pozarevac,Kostolac,Braničevski Okrug,Централна Србија,Србија,rs,,0.5,1,,,https://www.whosonfirst.org/docs/licenses/
Požega," Kotarski Grm; Momčila Tešića",43.84889,20.03632,"Požega, Златиборски управни округ, Србија",,,,,,Pozega,Požega,Златиборски управни округ,Централна Србија,Србија,rs,,0,1,,,https://www.whosonfirst.org/docs/licenses/
Prokuplje," Berilje; Spomen cesma BB",43.273845,19.999186,"Spomen cesma, Сјеница, Златиборски управни округ, Србија",Spomen cesma,,,,,,Сјеница,Златиборски управни округ,Централна Србија,Србија,rs,,0,,© OpenStreetMap contributors,Open Database License,https://www.openstreetmap.org/copyright
Prokuplje," Centar; Marka Kraljevica 117",45.125089,19.223373,"Centar, Sid, Сремски управни округ, Србија",Centar,,,,,,Sid,Сремски управни округ,Војводина,Србија,rs,,1,,© OpenStreetMap contributors,Open Database License,https://www.openstreetmap.org/copyright
Prokuplje," Mala Plana; Mala plana",43.25348,21.47606,"Mala Plana, Топлички управни округ, Србија",,,,,,Prokuplje,Mala Plana,Топлички управни округ,Централна Србија,Србија,rs,,0.5,1,,,https://www.whosonfirst.org/docs/licenses/
Rača," Saranovo; Saranovo",44.22848,20.84673,"Saranovo, Šumadijski upravni okrug, Србија",,,,,,Raca,Saranovo,Šumadijski upravni okrug,Централна Србија,Србија,rs,,0.5,1,,,https://www.whosonfirst.org/docs/licenses/
Raška," Jošanička Banja",43.41028,20.65833,"Železnička Stanica Jošanička Banja, 36344 Raska, Србија",Železnička Stanica Jošanička Banja,,,,36344,,Raska,Raški Okrug,Централна Србија,Србија,rs,0.95,0.95,1,,CC BY 4.0,https://www.geonames.org/datasources/
Ruma," ",,,,,,,,,,,,,,,,,,,,
Ruma," Buđanovci",44.8943618,19.8643311,"Буђановци, Општина Рума, Сремски управни округ, Србија",Буђановци,,,,,,Општина Рума,Сремски управни округ,Војводина,Србија,rs,0.95,0.95,0.95,© OpenStreetMap contributors,Open Database License,https://www.openstreetmap.org/copyright
Ruma," Dobrinci",44.9537773,19.9276911,"Добринци, 22440 Општина Рума, Србија",Добринци,,,,22440,,Општина Рума,Сремски управни округ,Војводина,Србија,rs,,0.475,0.95,© OpenStreetMap contributors,Open Database License,https://www.openstreetmap.org/copyright
Ruma," Nikinci; Koste Nađa 26",45.00806,19.82222,"Ruma, Сремски управни округ, Србија",,,,,,Рума,Ruma,Сремски управни округ,Војводина,Србија,rs,,0,1,,,https://www.whosonfirst.org/docs/licenses/
Ruma," Pavlovci",45.0521061,19.7869143,"Павловци, Општина Рума, Сремски управни округ, Србија",Павловци,,,,,,Општина Рума,Сремски управни округ,Војводина,Србија,rs,0.95,0.95,0.95,© OpenStreetMap contributors,Open Database License,https://www.openstreetmap.org/copyright
Ruma," Putinci",44.98075,19.96604,"Železnička Stanica Putinci, 22404 Рума, Србија",Železnička Stanica Putinci,,,,22404,,Рума,Сремски управни округ,Војводина,Србија,rs,0.95,0.95,1,,CC BY 4.0,https://www.geonames.org/datasources/
Ruma," Vitojevci; Dositeja Obradovića 10",45.00806,19.82222,"Ruma, Сремски управни округ, Србија",,,,,,Рума,Ruma,Сремски управни округ,Војводина,Србија,rs,,0,1,,,https://www.whosonfirst.org/docs/licenses/
Sečanj," Jarkovac",45.26985,20.76078,"Jarkovac, Средњобанатски управни округ, Србија",,,,,,Secanj,Jarkovac,Средњобанатски управни округ,Војводина,Србија,rs,,0.5,1,,,https://www.whosonfirst.org/docs/licenses/
Sečanj," Jaša Tomić; Sonje Marinković 48",45.44725,20.85546,"Jaša Tomić, Средњобанатски управни округ, Србија",,,,,,Secanj,Jaša Tomić,Средњобанатски управни округ,Војводина,Србија,rs,,0.25,1,,,https://www.whosonfirst.org/docs/licenses/
Smederevo," ",,,,,,,,,,,,,,,,,,,,
Smederevo," Papazovac; Dositeja Obradovića 65 1",44.644608,20.9432288,"Месна заједница Папазовац, Доситеја Обрадовића 78, 11300 Град Смедерево, Србија",Месна заједница Папазовац,78,Доситеја Обрадовића,Папазовац,11300,Смедерево,Град Смедерево,Подунавски управни округ,Централна Србија,Србија,rs,0.29749999999999993,0.26916666666666667,0.5249999999999999,© OpenStreetMap contributors,Open Database License,https://www.openstreetmap.org/copyright
Smederevska Palanka," Jezerska 10/4",44.37147,20.972278,"Jezerska, Смедеревска Паланка, Србија",,,Jezerska,,,Смедеревска Паланка,Смедеревска Паланка,Подунавски управни округ,Централна Србија,Србија,rs,0.6,0.3,0.6,© OpenStreetMap contributors,Open Database License,https://www.openstreetmap.org/copyright
Smederevska Palanka," Karađorđeva 115",44.3636413,20.955745,"Карађорђева, 11420 Општина Смедеревска Паланка, Србија",Карађорђева,,Карађорђева,,11420,Смедеревска Паланка,Општина Смедеревска Паланка,Подунавски управни округ,Централна Србија,Србија,rs,0.32999999999999996,0.16499999999999998,0.6,© OpenStreetMap contributors,Open Database License,https://www.openstreetmap.org/copyright
Smederevska Palanka," Narodnog Fronta",44.3749323,20.9499296,"Народног фронта, 11421 Општина Смедеревска Паланка, Србија",Народног фронта,,Народног фронта,Колонија,11421,Смедеревска Паланка,Општина Смедеревска Паланка,Подунавски управни округ,Централна Србија,Србија,rs,0.504,0.504,0.6,© OpenStreetMap contributors,Open Database License,https://www.openstreetmap.org/copyright
Sokobanja," Jošanica",43.7282282,21.7731199,"Јошаница, Општина Сокобања, Зајечарски управни округ, Србија",Јошаница,,,,,,Општина Сокобања,Зајечарски управни округ,Централна Србија,Србија,rs,0.95,0.95,0.95,© OpenStreetMap contributors,Open Database License,https://www.openstreetmap.org/copyright
Sombor," ",,,,,,,,,,,,,,,,,,,,
Sombor," Aleksa Šantić; Glavni put Subotica Sombor",,,,,,,,,,,,,,,,,,,,
Sombor," Bezdan",45.8501704,18.925943,"Бездан, 25270 Град Сомбор, Србија",Бездан,,,,25270,,Град Сомбор,Западнобачки управни округ,Војводина,Србија,rs,,0.475,0.95,© OpenStreetMap contributors,Open Database License,https://www.openstreetmap.org/copyright
Sombor," Crvenka",45.7827045,19.1185301,"Црвенка, Град Сомбор, Војводина, Србија",Црвенка,,,Црвенка,25000,Сомбор,Град Сомбор,Западнобачки управни округ,Војводина,Србија,rs,,0.5,1,© OpenStreetMap contributors,Open Database License,https://www.openstreetmap.org/copyright
Sombor," Mlake",45.7708973,19.1283296,"Млаке, Град Сомбор, Војводина, Србија",Млаке,,,Млаке,25000,Сомбор,Град Сомбор,Западнобачки управни округ,Војводина,Србија,rs,,0.5,1,© OpenStreetMap contributors,Open Database License,https://www.openstreetmap.org/copyright
Sombor," Stapar; Karađorđev plac 83",45.662849,19.2019018,"25240 Стапар, Карађорђев плац 92, Град Сомбор, Србија",25240 Стапар,92,Карађорђев плац,,,Стапар,Град Сомбор,Западнобачки управни округ,Војводина,Србија,rs,0.48027777777777775,0.32018518518518513,0.95,© OpenStreetMap contributors,Open Database License,https://www.openstreetmap.org/copyright
Sombor," Stara Selenča",45.7606922,19.1069094,"Стара Селенча, Град Сомбор, Војводина, Србија",Стара Селенча,,,Стара Селенча,25101,Сомбор,Град Сомбор,Западнобачки управни округ,Војводина,Србија,rs,,0.5,1,© OpenStreetMap contributors,Open Database License,https://www.openstreetmap.org/copyright
Sombor," Svetozar Miletić",45.8533938,19.2048515,"Светозар Милетић, Град Сомбор, Западнобачки управни округ, Србија",Светозар Милетић,,,,,,Град Сомбор,Западнобачки управни округ,Војводина,Србија,rs,0.95,0.95,0.95,© OpenStreetMap contributors,Open Database License,https://www.openstreetmap.org/copyright
Srbobran," Janka Katića 25a",45.5599668,19.803368069972553,"Јанка Катића 25a, 21480 Општина Србобран, Србија",,25a,Јанка Катића,,21480,Србобран,Општина Србобран,Јужнобачки управни округ,Војводина,Србија,rs,0.5384615384615384,0.5384615384615384,1,© OpenStreetMap contributors,Open Database License,https://www.openstreetmap.org/copyright
Srbobran," Milosa Obilica",45.5471737,19.8004575,"Милоша Обилића, 21480 Општина Србобран, Србија",Милоша Обилића,,Милоша Обилића,,21480,Србобран,Општина Србобран,Јужнобачки управни округ,Војводина,Србија,rs,0.5249999999999999,0.5249999999999999,1,© OpenStreetMap contributors,Open Database License,https://www.openstreetmap.org/copyright
Sremska Mitrovica," Blok B; 1. Novembra",44.973213,19.608805,"Сирмијум, Сремски управни округ, Србија",,,,,,Сремска Митровица,Сирмијум,Сремски управни округ,Војводина,Србија,rs,,0,0.5833333333333334,,,https://www.whosonfirst.org/docs/licenses/
Sremska Mitrovica," Bosut",44.973213,19.608805,"Сирмијум, Сремски управни округ, Србија",,,,,,Сремска Митровица,Сирмијум,Сремски управни округ,Војводина,Србија,rs,,0.2916666666666667,0.5833333333333334,,,https://www.whosonfirst.org/docs/licenses/
Sremska Mitrovica," Kuzmin; Planinska 1",44.973213,19.608805,"Сирмијум, Сремски управни округ, Србија",,,,,,Сремска Митровица,Сирмијум,Сремски управни округ,Војводина,Србија,rs,,0,0.5833333333333334,,,https://www.whosonfirst.org/docs/licenses/
Stara Pazova," Belegiš",45.01873,20.33212,"Belegiš, Сремски управни округ, Србија",,,,,,Стара Пазова,Belegiš,Сремски управни округ,Војводина,Србија,rs,,0.5,1,,,https://www.whosonfirst.org/docs/licenses/
Stara Pazova," Golubinci",44.9840388,20.0659105,"Голубинци, 22308 Општина Стара Пазова, Србија",Голубинци,,,,22308,,Општина Стара Пазова,Сремски управни округ,Војводина,Србија,rs,,0.475,0.95,© OpenStreetMap contributors,Open Database License,https://www.openstreetmap.org/copyright
Subotica," Aleksandrovo; Novo Naselje; Gruzanska 7a",46.066569,19.681208,"Aleksandrovo Groblje, Суботица, Severnobački Okrug, Србија",Aleksandrovo Groblje,,,,,Суботица,Суботица,Severnobački Okrug,Војводина,Србија,rs,,0.95,0.5444444444444444,© OpenStreetMap contributors,Open Database License,https://www.openstreetmap.org/copyright
Subotica," Bajmok",45.97136,19.42246,"Bajmok, Србија",,,,,,,Bajmok,,,Србија,rs,,0,,,,https://www.whosonfirst.org/docs/licenses/
Subotica," Bajnat",46.0906504,19.6775538,"Бајнат, Град Суботица, Војводина, Србија",Бајнат,,,Бајнат,24117,Суботица,Град Суботица,Севернобачки управни округ,Војводина,Србија,rs,,0.2722222222222222,0.5444444444444444,© OpenStreetMap contributors,Open Database License,https://www.openstreetmap.org/copyright
Subotica," Bajski put",46.131589,19.566193,"Meljkutski put, Суботица, Србија",,,Meljkutski put,,,,Суботица,Severnobački Okrug,Војводина,Србија,rs,,0,,© OpenStreetMap contributors,Open Database License,https://www.openstreetmap.org/copyright
Subotica," Bački Vinogradi; salaš 12",43.43728,21.14154,"Subotica, Расински управни округ, Србија",,,,,,Александровац,Subotica,Расински управни округ,Централна Србија,Србија,rs,,0.25,1,,,https://www.whosonfirst.org/docs/licenses/
Subotica," Ker; VASE PELAGICA 54a",46.097766,19.670283,"Суботица, Severnobački Okrug, Србија",,,,,,Суботица,Суботица,Severnobački Okrug,Војводина,Србија,rs,,0,0.5444444444444444,,,https://www.whosonfirst.org/docs/licenses/
Subotica," Makova Sedmica",46.1500064,19.6723114,"Makova Sedmica, Граничарска, 24110 Град Суботица, Србија",Makova Sedmica,,Граничарска,МЗ Макова седмица,24110,Суботица,Град Суботица,Севернобачки управни округ,Војводина,Србија,rs,0.5444444444444444,0.5444444444444444,0.5444444444444444,© OpenStreetMap contributors,Open Database License,https://www.openstreetmap.org/copyright
Subotica," Mala Bosna",46.03947,19.57247,"Mala Bosna, Severnobački Okrug, Србија",,,,,,Суботица,Mala Bosna,Severnobački Okrug,Војводина,Србија,rs,,0.2722222222222222,0.5444444444444444,,,https://www.whosonfirst.org/docs/licenses/
Subotica," Mali Bajmok",46.086422,19.6410156,"Мали Бајмок, Град Суботица, Војводина, Србија",Мали Бајмок,,,Мали Бајмок,24107,Суботица,Град Суботица,Севернобачки управни округ,Војводина,Србија,rs,,0.2722222222222222,0.5444444444444444,© OpenStreetMap contributors,Open Database License,https://www.openstreetmap.org/copyright
Subotica," Palić",43.43728,21.14154,"Subotica, Расински управни округ, Србија",,,,,,Александровац,Subotica,Расински управни округ,Централна Србија,Србија,rs,,0.5,1,,,https://www.whosonfirst.org/docs/licenses/
Subotica," Peščara",46.071703,19.679584,"Aleksandrovo Peščara, Суботица, Severnobački Okrug, Србија",Aleksandrovo Peščara,,,,,Суботица,Суботица,Severnobački Okrug,Војводина,Србија,rs,0.5172222222222221,0.5172222222222221,0.5444444444444444,© OpenStreetMap contributors,Open Database License,https://www.openstreetmap.org/copyright
Subotica," Peščara; Koparska 30",46.071703,19.679584,"Aleksandrovo Peščara, Суботица, Severnobački Okrug, Србија",Aleksandrovo Peščara,,,,,Суботица,Суботица,Severnobački Okrug,Војводина,Србија,rs,,0.95,0.5444444444444444,© OpenStreetMap contributors,Open Database License,https://www.openstreetmap.org/copyright
Subotica," Prozivka; Dal 15",46.08666,19.669134,"Prozivka, Суботица, Severnobački Okrug, Србија",Prozivka,,,,,Суботица,Суботица,Severnobački Okrug,Војводина,Србија,rs,,1,,© OpenStreetMap contributors,Open Database License,https://www.openstreetmap.org/copyright
Subotica," Stari Žednik; Beogradski put",,,,,,,,,,,,,,,,,,,,
Subotica," Tavankut",43.43728,21.14154,"Subotica, Расински управни округ, Србија",,,,,,Александровац,Subotica,Расински управни округ,Централна Србија,Србија,rs,,0.5,1,,,https://www.whosonfirst.org/docs/licenses/
Subotica," Tavankut; Donji Tavankut",46.042579,19.5029825,"Таванкут, Ивана Сарића, 24215 Град Суботица, Србија",Таванкут,,Ивана Сарића,Дикановац,24215,Доњи Таванкут,Град Суботица,Севернобачки управни округ,Војводина,Србија,rs,,0.7727272727272727,,© OpenStreetMap contributors,Open Database License,https://www.openstreetmap.org/copyright
Subotica," Zorka",43.43728,21.14154,"Subotica, Расински управни округ, Србија",,,,,,Александровац,Subotica,Расински управни округ,Централна Србија,Србија,rs,,0.5,1,,,https://www.whosonfirst.org/docs/licenses/
Subotica," Zorka; Srpski Šor; Srpski šor",46.097766,19.670283,"Суботица, Severnobački Okrug, Србија",,,,,,Суботица,Суботица,Severnobački Okrug,Војводина,Србија,rs,,0,0.5444444444444444,,,https://www.whosonfirst.org/docs/licenses/
Subotica," Đurđin; Moše Pijade",46.097766,19.670283,"Суботица, Severnobački Okrug, Србија",,,,,,Суботица,Суботица,Severnobački Okrug,Војводина,Србија,rs,,0,0.5444444444444444,,,https://www.whosonfirst.org/docs/licenses/
Svilajnac," 8.Oktobra",44.2337,21.1967,"Svilajnac, Поморавски управни округ, Србија",,,,,,Свилајнац,Svilajnac,Поморавски управни округ,Централна Србија,Србија,rs,,0.5,1,,CC BY 4.0,https://www.geonames.org/datasources/
Svilajnac," Nadežde Petrović",44.195062,21.231375,"Свилајнац, Централна Србија, Србија",,,,,,,Свилајнац,Поморавски управни округ,Централна Србија,Србија,rs,,0.27999999999999997,0.5599999999999999,,,https://www.whosonfirst.org/docs/licenses/
Svilajnac," Radnicka",44.231641,21.202692,"Radnicka, Свилајнац, Србија",,,Radnicka,,,,Свилајнац,Поморавски управни округ,Централна Србија,Србија,rs,0.5599999999999999,0.5599999999999999,0.5599999999999999,© OpenStreetMap contributors,Open Database License,https://www.openstreetmap.org/copyright
Svilajnac," Radošin",44.1231362,21.1960541,"Радошин, Општина Свилајнац, Централна Србија, Србија",Радошин,,,,,,Општина Свилајнац,Поморавски управни округ,Централна Србија,Србија,rs,,0,,© OpenStreetMap contributors,Open Database License,https://www.openstreetmap.org/copyright
Svilajnac," ul.Hilandarska",44.195062,21.231375,"Свилајнац, Централна Србија, Србија",,,,,,,Свилајнац,Поморавски управни округ,Централна Србија,Србија,rs,,0.27999999999999997,0.5599999999999999,,,https://www.whosonfirst.org/docs/licenses/
Temerin," Radnička 12",45.37118,19.870707,"Radnicka, Темерин, Србија",,,Radnicka,,,,Темерин,Južnobački Okrug,Војводина,Србија,rs,0.5444444444444444,0.2722222222222222,0.5444444444444444,© OpenStreetMap contributors,Open Database License,https://www.openstreetmap.org/copyright
Titel," Lok",45.21583,20.21222,"Lok, Južnobački Okrug, Србија",,,,,,Тител,Lok,Južnobački Okrug,Војводина,Србија,rs,,0.2916666666666667,0.5833333333333334,,,https://www.whosonfirst.org/docs/licenses/
Topola," Centar; Bulevar kralja Aleksandra",44.306568,20.560743,"A1 centar, Arandjelovac, Šumadijski upravni okrug, Србија",A1 centar,,,,,,Arandjelovac,Šumadijski upravni okrug,Централна Србија,Србија,rs,,0.95,,© OpenStreetMap contributors,Open Database License,https://www.openstreetmap.org/copyright
Trstenik," Centar; Sumadijska",43.928176,21.382448,"Sumadijska, Ćuprija, Србија",,,Sumadijska,,,Cuprija,Ćuprija,Поморавски управни округ,Централна Србија,Србија,rs,,0,,© OpenStreetMap contributors,Open Database License,https://www.openstreetmap.org/copyright
Trstenik," Grabovac",43.63235,20.99053,"Grabovac, Расински управни округ, Србија",,,,,,Трстеник,Grabovac,Расински управни округ,Централна Србија,Србија,rs,,0.31111111111111106,0.6222222222222221,,,https://www.whosonfirst.org/docs/licenses/
Trstenik," Kamenjača",43.56766,21.07158,"Камењача, Расински управни округ, Србија",,,,,,Трстеник,Камењача,Расински управни округ,Централна Србија,Србија,rs,,0.31111111111111106,0.6222222222222221,,,https://www.whosonfirst.org/docs/licenses/
Trstenik," Medveđa",43.6307,21.07572,"Medveđa, Расински управни округ, Србија",,,,,,Трстеник,Medveđa,Расински управни округ,Централна Србија,Србија,rs,,0.31111111111111106,0.6222222222222221,,,https://www.whosonfirst.org/docs/licenses/
Trstenik," Milutovac",43.68752,21.12914,"Milutovac, Расински управни округ, Србија",,,,,,Трстеник,Milutovac,Расински управни округ,Централна Србија,Србија,rs,,0.31111111111111106,0.6222222222222221,,,https://www.whosonfirst.org/docs/licenses/
Trstenik," Stragari; Stragari BB",43.61694,21.0025,"Trstenik, Расински управни округ, Србија",,,,,,Трстеник,Trstenik,Расински управни округ,Централна Србија,Србија,rs,,0.5,1,,,https://www.whosonfirst.org/docs/licenses/
Valjevo," Gola Glava",44.4068575,19.8637439,"Гола Глава, Град Ваљево, Централна Србија, Србија",Гола Глава,,,,,,Град Ваљево,Колубарски управни округ,Централна Србија,Србија,rs,,0,,© OpenStreetMap contributors,Open Database License,https://www.openstreetmap.org/copyright
Valjevo," Gradac",44.273721,19.820091,"Ваљево, Централна Србија, Србија",,,,,,,Ваљево,Kolubarski Okrug,Централна Србија,Србија,rs,,0.30624999999999997,0.6124999999999999,,,https://www.whosonfirst.org/docs/licenses/
Valjevo," Popučke",44.2821752,19.9312939,"Попучке, 14000 Град Ваљево, Србија",Попучке,,Попучке,Ново Насеље,14000,Ваљево,Град Ваљево,Колубарски управни округ,Централна Србија,Србија,rs,0.33347222222222217,0.33347222222222217,0.6124999999999999,© OpenStreetMap contributors,Open Database License,https://www.openstreetmap.org/copyright
Varvarin," Karanovac; Karanovac Bb",43.718885900000004,21.17922845554403,"Карановац, Општина Варварин, Централна Србија, Србија",,,,,,Карановац,Општина Варварин,Расински управни округ,Централна Србија,Србија,rs,,0.2375,0.95,© OpenStreetMap contributors,Open Database License,https://www.openstreetmap.org/copyright
Velika Plana," ",,,,,,,,,,,,,,,,,,,,
Velika Plana," Vojvode Mišića 189",44.335966,21.076907,"Vojvode Misica, Велика Плана, Србија",,,Vojvode Misica,,,,Велика Плана,Подунавски управни округ,Централна Србија,Србија,rs,0.825,0.4125,0.825,© OpenStreetMap contributors,Open Database License,https://www.openstreetmap.org/copyright
Vladimirci," Beljin",44.6271,19.96167,"Beljin, Mačvanski Okrug, Србија",,,,,,Владимирци,Beljin,Mačvanski Okrug,Централна Србија,Србија,rs,,0.2863636363636364,0.5727272727272728,,,https://www.whosonfirst.org/docs/licenses/
Vladičin Han," Priboj",42.6158,22.02317,"Železnička Stanica Priboj Vranjski, Vladicin Han, Pčinjski Okrug, Србија",Železnička Stanica Priboj Vranjski,,,,,,Vladicin Han,Pčinjski Okrug,Централна Србија,Србија,rs,0.95,0.95,1,,CC BY 4.0,https://www.geonames.org/datasources/
Vladičin Han," Vrbovo",42.70778,22.06333,"Vladičin Han, Pčinjski Okrug, Србија",,,,,,Vladicin Han,Vladičin Han,Pčinjski Okrug,Централна Србија,Србија,rs,,0.5,1,,,https://www.whosonfirst.org/docs/licenses/
Vlasotince," Ratka Pavlovica 13",42.959203,22.187849,"Власотинце, Централна Србија, Србија",,,,,,,Власотинце,Jablanički Okrug,Централна Србија,Србија,rs,,0.13124999999999998,0.5249999999999999,,,https://www.whosonfirst.org/docs/licenses/
Vranje," Rataje; Slatina bb",42.48735,21.87748,"Rataje, Pčinjski Okrug, Србија",,,,,,Врање,Rataje,Pčinjski Okrug,Централна Србија,Србија,rs,,0.3,0.6,,,https://www.whosonfirst.org/docs/licenses/
Vrbas," ",,,,,,,,,,,,,,,,,,,,
Vrbas," Palih boraca 15",45.5737355,19.641555,"Палих бораца, 21460 Општина Врбас, Србија",Палих бораца,,Палих бораца,Нови Врбас,21460,Врбас,Општина Врбас,Јужнобачки управни округ,Војводина,Србија,rs,0.5384615384615384,0.2692307692307692,1,© OpenStreetMap contributors,Open Database License,https://www.openstreetmap.org/copyright
Vrbas," Ravno Selo; Maršala Tita",45.44967,19.62097,"Ravno Selo, Južnobački Okrug, Србија",,,,,,Врбас,Ravno Selo,Južnobački Okrug,Војводина,Србија,rs,,0.25,1,,,https://www.whosonfirst.org/docs/licenses/
Vrnjačka Banja," Centar",43.650884,20.88139,"Zanatski centar, Vrnjacka Banja, Србија",,,Zanatski centar,,,,Vrnjacka Banja,Raški Okrug,Централна Србија,Србија,rs,0.95,0.95,1,© OpenStreetMap contributors,Open Database License,https://www.openstreetmap.org/copyright
Vrnjačka Banja," Gračac",43.621868,20.894727,"Vrnjačka Banja, Raški Okrug, Србија",,,,,,Vrnjacka Banja,Vrnjačka Banja,Raški Okrug,Централна Србија,Србија,rs,,0.5,1,,,https://www.whosonfirst.org/docs/licenses/
Vrnjačka Banja," Otroci",43.63386,20.80065,"Otroci, Raški Okrug, Србија",,,,,,Vrnjacka Banja,Otroci,Raški Okrug,Централна Србија,Србија,rs,,0.5,1,,,https://www.whosonfirst.org/docs/licenses/
Vrnjačka Banja," Štulac",43.626391,20.934455,"OS ""Mladost"" Stulac, 36210 Vrnjacka Banja, Србија",,,"OS ""Mladost"" Stulac",,36210,,Vrnjacka Banja,Raški Okrug,Централна Србија,Србија,rs,0.95,0.95,1,© OpenStreetMap contributors,Open Database License,https://www.openstreetmap.org/copyright
Vršac," ",,,,,,,,,,,,,,,,,,,,
Zaječar," Centar; Generala Gambete 21",45.125089,19.223373,"Centar, Sid, Сремски управни округ, Србија",Centar,,,,,,Sid,Сремски управни округ,Војводина,Србија,rs,,1,,© OpenStreetMap contributors,Open Database License,https://www.openstreetmap.org/copyright
Zaječar," Kotlujevac; Podgoricka 25/1",43.90505,22.270296,"Зајечар, Zaječarski Okrug, Србија",,,,,,Zajecar,Зајечар,Zaječarski Okrug,Централна Србија,Србија,rs,,0.25,1,,,https://www.whosonfirst.org/docs/licenses/
Zrenjanin," 4. Juli",45.399293,20.392254,"Врањевачка 4, 23101 Зрењанин, Србија",,4,Врањевачка,,23101,Зрењанин,Зрењанин,Средњобанатски управни округ,Војводина,Србија,rs,,0,0.81,© OpenStreetMap contributors,Open Database License,https://www.openstreetmap.org/copyright
Zrenjanin," Bagljaš",45.3812534,20.3686449,"Багљаш, Град Зрењанин, Војводина, Србија",Багљаш,,,Багљаш,23110,Зрењанин,Град Зрењанин,Средњобанатски управни округ,Војводина,Србија,rs,,0.405,0.81,© OpenStreetMap contributors,Open Database License,https://www.openstreetmap.org/copyright
Zrenjanin," Bolnica",46.082628,19.672551,"Bolnica, Суботица, Severnobački Okrug, Србија",Bolnica,,,,,Суботица,Суботица,Severnobački Okrug,Војводина,Србија,rs,0.3969,0.3969,0.3969,© OpenStreetMap contributors,Open Database License,https://www.openstreetmap.org/copyright
Zrenjanin," Crni Šor",45.396574349999995,20.440404430992874,"МЗ Доља-Црни шор, Град Зрењанин, Војводина, Србија",,,,МЗ Доља-Црни шор,23105,Зрењанин,Град Зрењанин,Средњобанатски управни округ,Војводина,Србија,rs,,0.405,0.81,© OpenStreetMap contributors,Open Database License,https://www.openstreetmap.org/copyright
Zrenjanin," Duvanika",,,,,,,,,,,,,,,,,,,,
Zrenjanin," Elemir",45.44263,20.30003,"Elemir, Средњобанатски управни округ, Србија",,,,,,Зрењанин,Elemir,Средњобанатски управни округ,Војводина,Србија,rs,,0.405,0.81,,,https://www.whosonfirst.org/docs/licenses/
Zrenjanin," Ečka",45.27972,20.36361,"Ribnjak Ečka, Зрењанин, Средњобанатски управни округ, Србија",Ribnjak Ečka,,,,,,Зрењанин,Средњобанатски управни округ,Војводина,Србија,rs,0.7695,0.7695,0.81,,CC BY 4.0,https://www.geonames.org/datasources/
Zrenjanin," Farkaždin",45.19172,20.47239,"Farkaždin, Средњобанатски управни округ, Србија",,,,,,Зрењанин,Farkaždin,Средњобанатски управни округ,Војводина,Србија,rs,,0,,,,https://www.whosonfirst.org/docs/licenses/
Zrenjanin," Lazarevo; Slavka Rodića 26",45.38091,20.5397,"Železnička Stanica Lazarevo, Зрењанин, Средњобанатски управни округ, Србија",Železnička Stanica Lazarevo,,,,,,Зрењанин,Средњобанатски управни округ,Војводина,Србија,rs,,0.95,0.81,,CC BY 4.0,https://www.geonames.org/datasources/
Zrenjanin," Lukićevo",45.33389,20.49389,"Železnička Stanica Lukićevo, Зрењанин, Средњобанатски управни округ, Србија",Železnička Stanica Lukićevo,,,,,,Зрењанин,Средњобанатски управни округ,Војводина,Србија,rs,0.7695,0.7695,0.81,,CC BY 4.0,https://www.geonames.org/datasources/
Zrenjanin," Melenci",45.5168,20.31961,"Melenci, Средњобанатски управни округ, Србија",,,,,,Зрењанин,Melenci,Средњобанатски управни округ,Војводина,Србија,rs,,0.405,0.81,,,https://www.whosonfirst.org/docs/licenses/
Zrenjanin," Mužlja",45.34412,20.40909,"Mužlja, Средњобанатски управни округ, Србија",,,,,,Зрењанин,Mužlja,Средњобанатски управни округ,Војводина,Србија,rs,,0.405,0.81,,,https://www.whosonfirst.org/docs/licenses/
Zrenjanin," Perlez; Kneza Miloša 5",45.20083,20.385,"Železnička Stanica Perlez, Зрењанин, Средњобанатски управни округ, Србија",Železnička Stanica Perlez,,,,,,Зрењанин,Средњобанатски управни округ,Војводина,Србија,rs,,0.95,0.81,,CC BY 4.0,https://www.geonames.org/datasources/
Zrenjanin," Stajićevo; Milosa Jovanova 34a",45.296257,20.457581,"Milosa Jovanova, Зрењанин, Србија",,,Milosa Jovanova,,,,Зрењанин,Средњобанатски управни округ,Војводина,Србија,rs,0.81,0.405,0.81,© OpenStreetMap contributors,Open Database License,https://www.openstreetmap.org/copyright
Zrenjanin," Zeleno Polje",45.381373,20.392773,"Зрењанин, Средњобанатски управни округ, Србија",,,,,,Зрењанин,Зрењанин,Средњобанатски управни округ,Војводина,Србија,rs,,0.405,0.81,,,https://www.whosonfirst.org/docs/licenses/
Zrenjanin," Čenta; Zrenjaninski put Bb",45.381373,20.392773,"Зрењанин, Средњобанатски управни округ, Србија",,,,,,Зрењанин,Зрењанин,Средњобанатски управни округ,Војводина,Србија,rs,,0,0.81,,,https://www.whosonfirst.org/docs/licenses/
Zrenjanin," Žitni Trg",45.3782911,20.4000843,"Житни трг, 23101 Град Зрењанин, Србија",Житни трг,,Житни трг,МЗ Доља-Црни шор,23101,Зрењанин,Град Зрењанин,Средњобанатски управни округ,Војводина,Србија,rs,0.4536,0.4536,0.81,© OpenStreetMap contributors,Open Database License,https://www.openstreetmap.org/copyright
Čačak," Banjica",43.82103,20.37335,"Banjica, Moravički upravni okrug, Србија",,,,,,Cacak,Banjica,Moravički upravni okrug,Централна Србија,Србија,rs,,0.5,1,,,https://www.whosonfirst.org/docs/licenses/
Čačak," Prislonica; ibarski put",43.9506786,20.4332481,"32214 Прислоница, Ибарски пут, 32212 Град Чачак, Србија",32214 Прислоница,,Ибарски пут,,32212,Прислоница,Град Чачак,Моравички управни округ,Централна Србија,Србија,rs,,0.9,,© OpenStreetMap contributors,Open Database License,https://www.openstreetmap.org/copyright
Čačak," Slatina; Slatina 123",43.81673,20.48381,"Železnička Stanica Slatina, Cacak, Moravički upravni okrug, Србија",Železnička Stanica Slatina,,,,,,Cacak,Moravički upravni okrug,Централна Србија,Србија,rs,0.95,0.475,1,,CC BY 4.0,https://www.geonames.org/datasources/
Šabac," Centar",44.7510975,19.69143264990678,"Roda centar, Владе Јовановића, 15000 Град Шабац, Србија",Roda centar,,Владе Јовановића,Камичак,15000,Шабац,Град Шабац,Мачвански управни округ,Централна Србија,Србија,rs,0.95,0.95,1,© OpenStreetMap contributors,Open Database License,https://www.openstreetmap.org/copyright
Šabac," Centar; Masarikova",44.739988,19.698027,"Auto Centar Japnac, Симе Тројановића 13, 15000 Šabac, Србија",Auto Centar Japnac,13,Симе Тројановића,,15000,Šabac,Šabac,Mačvanski Okrug,Централна Србија,Србија,rs,,0,1,© OpenStreetMap contributors,Open Database License,https://www.openstreetmap.org/copyright
Šabac," Donji Šor",44.750389,19.699748,"Šabac, Mačvanski Okrug, Србија",,,,,,Šabac,Šabac,Mačvanski Okrug,Централна Србија,Србија,rs,,0.5,1,,,https://www.whosonfirst.org/docs/licenses/
Šabac," Gornja Vranjska",44.69111,19.69333,"Gornja Vranjska, Mačvanski Okrug, Србија",,,,,,Šabac,Gornja Vranjska,Mačvanski Okrug,Централна Србија,Србија,rs,,0.5,1,,,https://www.whosonfirst.org/docs/licenses/
Šabac," Gornja Vranjska; Karađorđeva 18",44.69111,19.69333,"Gornja Vranjska, Mačvanski Okrug, Србија",,,,,,Šabac,Gornja Vranjska,Mačvanski Okrug,Централна Србија,Србија,rs,,0.25,1,,,https://www.whosonfirst.org/docs/licenses/
Šabac," Jevremovac",44.72172,19.66364,"Jevremovac, Mačvanski Okrug, Србија",,,,,,Šabac,Jevremovac,Mačvanski Okrug,Централна Србија,Србија,rs,,0.5,1,,,https://www.whosonfirst.org/docs/licenses/
Šabac," Pocerski Pričinović",44.72222,19.70722,"Pocerski Pričinović, Mačvanski Okrug, Србија",,,,,,Šabac,Pocerski Pričinović,Mačvanski Okrug,Централна Србија,Србија,rs,,0.5,1,,,https://www.whosonfirst.org/docs/licenses/
Šabac," Sinošević; Makecića Mala",44.61503,19.63601,"Sinošević, Mačvanski Okrug, Србија",,,,,,Šabac,Sinošević,Mačvanski Okrug,Централна Србија,Србија,rs,,0.5,1,,,https://www.whosonfirst.org/docs/licenses/
Šabac," Zminjak",44.75711,19.4707,"Zminjak, Mačvanski Okrug, Србија",,,,,,Šabac,Zminjak,Mačvanski Okrug,Централна Србија,Србија,rs,,0.5,1,,,https://www.whosonfirst.org/docs/licenses/
Šabac," Živinarnik",44.7508438,19.7013368,"Pijaca Živinarnik, Жике Поповића, 15000 Град Шабац, Србија",Pijaca Živinarnik,,Жике Поповића,,15000,Шабац,Град Шабац,Мачвански управни округ,Централна Србија,Србија,rs,0.95,0.95,1,© OpenStreetMap contributors,Open Database License,https://www.openstreetmap.org/copyright
Šid," Erdevik; Karadjordjeva",45.12833,19.22639,"Šid, Сремски управни округ, Србија",,,,,,Sid,Šid,Сремски управни округ,Војводина,Србија,rs,,0.5,1,,,https://www.whosonfirst.org/docs/licenses/
Šid," Jamena",44.88398,19.06379,"Jamena, Сремски управни округ, Србија",,,,,,Sid,Jamena,Сремски управни округ,Војводина,Србија,rs,,0.5,1,,,https://www.whosonfirst.org/docs/licenses/
Šid," Jozefa marcoka 8",45.1244794,19.2351194,"Јожефа Марчока, 22240 Општина Шид, Србија",Јожефа Марчока,,Јожефа Марчока,Насеље Исток,22240,Шид,Општина Шид,Сремски управни округ,Војводина,Србија,rs,0.29859374999999994,0.14929687499999997,0.5249999999999999,© OpenStreetMap contributors,Open Database License,https://www.openstreetmap.org/copyright
Šid," Vase Stajića 23a",45.1205156,19.2255281,"Васе Стајића, 22239 Општина Шид, Србија",Васе Стајића,,Васе Стајића,,22239,Шид,Општина Шид,Сремски управни округ,Војводина,Србија,rs,0.26249999999999996,0.13124999999999998,0.5249999999999999,© OpenStreetMap contributors,Open Database License,https://www.openstreetmap.org/copyright
Šid," Vašica; Vuka Karadžića 13",43.90844,19.44793,"Vasića Ponor, Bajina Basta, Златиборски управни округ, Србија",Vasića Ponor,,,,,,Bajina Basta,Златиборски управни округ,Централна Србија,Србија,rs,,0.95,,,CC BY 4.0,https://www.geonames.org/datasources/
Žabalj," Čurug",45.477753,20.062714,"Veslački Klub Čurug, Zabalj, Србија",,,Veslački Klub Čurug,,,,Zabalj,Južnobački Okrug,Војводина,Србија,rs,0.95,0.95,1,© OpenStreetMap contributors,Open Database License,https://www.openstreetmap.org/copyright
Žitište," ",,,,,,,,,,,,,,,,,,,,
Žitište," Međa; Prvomajska 51",45.5365443,20.8030901,"23234 Међа, Првомајска, Општина Житиште, Србија",23234 Међа,,Првомајска,,,Међа,Општина Житиште,Средњобанатски управни округ,Војводина,Србија,rs,,0.95,,© OpenStreetMap contributors,Open Database License,https://www.openstreetmap.org/copyright
Žitište," Mladena stojanovića 17",45.4874262,20.5531228,"Младена Стојановића, 23210 Општина Житиште, Србија",Младена Стојановића,,Младена Стојановића,,23210,Житиште,Општина Житиште,Средњобанатски управни округ,Војводина,Србија,rs,0.2776666666666666,0.1388333333333333,0.48999999999999994,© OpenStreetMap contributors,Open Database License,https://www.openstreetmap.org/copyright
Žitište," Srpski Itebej; Jase Prodanovica 13",45.56716,20.7135,"Srpski Itebej, Средњобанатски управни округ, Србија",,,,,,Zitiste,Srpski Itebej,Средњобанатски управни округ,Војводина,Србија,rs,,0.25,1,,,https://www.whosonfirst.org/docs/licenses/