original_address,lat,lon,formatted,district,suburb,name,postcode,city,county,state,country,country_code,confidence,confidence_city_level,attribution,attribution_license,attribution_url
Ada,45.7969129,20.133407,"24430 Општина Ада, Србија",,,Ада,24430,Општина Ада,Севернобанатски управни округ,Војводина,Србија,rs,1,1,© OpenStreetMap contributors,Open Database License,https://www.openstreetmap.org/copyright
Aleksinac,43.5405235,21.70884,"18220 Општина Алексинац, Србија",,,Алексинац,18220,Општина Алексинац,Нишавски управни округ,Централна Србија,Србија,rs,1,1,© OpenStreetMap contributors,Open Database License,https://www.openstreetmap.org/copyright
Alibunar,45.0800389,20.966524,"26310 Општина Алибунар, Србија",,,Алибунар,26310,Општина Алибунар,Јужнобанатски управни округ,Војводина,Србија,rs,1,1,© OpenStreetMap contributors,Open Database License,https://www.openstreetmap.org/copyright
Apatin,45.6712544,18.9817862,"25260 Општина Апатин, Србија",,,Апатин,25260,Општина Апатин,Западнобачки управни округ,Војводина,Србија,rs,1,1,© OpenStreetMap contributors,Open Database License,https://www.openstreetmap.org/copyright
Aranđelovac,44.3074611,20.5572396,"34300 Општина Аранђеловац, Србија",,,Аранђеловац,34300,Општина Аранђеловац,Шумадијски управни округ,Централна Србија,Србија,rs,1,1,© OpenStreetMap contributors,Open Database License,https://www.openstreetmap.org/copyright
Ašanja,44.7551502,20.0762748,"Ашања, 22418 Општина Пећинци, Србија",,,Ашања,22418,Општина Пећинци,Сремски управни округ,Војводина,Србија,rs,1,1,© OpenStreetMap contributors,Open Database License,https://www.openstreetmap.org/copyright
Babe,44.537349250000005,20.523602440431628,"Бабе, Градска општина Сопот, Централна Србија, Србија",Бабе,,,,Градска општина Сопот,Град Београд,Централна Србија,Србија,rs,1,1,© OpenStreetMap contributors,Open Database License,https://www.openstreetmap.org/copyright
Babušnica,43.067962,22.411508,"18330 Општина Бабушница, Србија",,,Бабушница,18330,Општина Бабушница,Пиротски управни округ,Централна Србија,Србија,rs,1,1,© OpenStreetMap contributors,Open Database License,https://www.openstreetmap.org/copyright
Bar,44.94366,20.21931,"Nova Pazova, Сремски управни округ, Србија",Стара Пазова,,,,Nova Pazova,Сремски управни округ,Војводина,Србија,rs,0,,,,https://www.whosonfirst.org/docs/licenses/
Barič,44.6474524,21.5542808,"Општина Голубац, Браничевски управни округ, Србија",,,,,Општина Голубац,Браничевски управни округ,Централна Србија,Србија,rs,1,1,© OpenStreetMap contributors,Open Database License,https://www.openstreetmap.org/copyright
Batočina,44.152604,21.0790735,"34227 Општина Баточина, Србија",,,Баточина,34227,Општина Баточина,Шумадијски управни округ,Централна Србија,Србија,rs,1,1,© OpenStreetMap contributors,Open Database License,https://www.openstreetmap.org/copyright
Bačka Topola,45.8121657,19.6304705,"23400 Општина Бачка Топола, Србија",,,Бачка Топола,23400,Општина Бачка Топола,Севернобачки управни округ,Војводина,Србија,rs,1,1,© OpenStreetMap contributors,Open Database License,https://www.openstreetmap.org/copyright
Bački Monoštor,45.7937186,18.9339346,"Бачки Моноштор, 25272 Град Сомбор, Србија",,,Бачки Моноштор,25272,Град Сомбор,Западнобачки управни округ,Војводина,Србија,rs,1,1,© OpenStreetMap contributors,Open Database License,https://www.openstreetmap.org/copyright
Bački Petrovac,45.3600646,19.5914331,"21470 Општина Бачки Петровац, Србија",,,Бачки Петровац,21470,Општина Бачки Петровац,Јужнобачки управни округ,Војводина,Србија,rs,1,1,© OpenStreetMap contributors,Open Database License,https://www.openstreetmap.org/copyright
Bački Vinogradi,46.1233884,19.8564574,"Бачки Виногради, 24415 Град Суботица, Србија",,,Бачки Виногради,24415,Град Суботица,Севернобачки управни округ,Војводина,Србија,rs,1,1,© OpenStreetMap contributors,Open Database License,https://www.openstreetmap.org/copyright
Bačko Gradište,45.5334357,20.0270428,"Бачко Градиште, 21217 Општина Бечеј, Србија",,,Бачко Градиште,21217,Општина Бечеј,Јужнобачки управни округ,Војводина,Србија,rs,1,1,© OpenStreetMap contributors,Open Database License,https://www.openstreetmap.org/copyright
Bela Palanka,43.2179542,22.3112654,"18310 Општина Бела Паланка, Србија",,,Бела Паланка,18310,Општина Бела Паланка,Пиротски управни округ,Централна Србија,Србија,rs,1,1,© OpenStreetMap contributors,Open Database License,https://www.openstreetmap.org/copyright
Beloljin,43.242354000000006,21.394095242096725,"Белољин, Град Прокупље, Централна Србија, Србија",Белољин,,,,Град Прокупље,Топлички управни округ,Централна Србија,Србија,rs,1,1,© OpenStreetMap contributors,Open Database License,https://www.openstreetmap.org/copyright
Belotić,44.8175293,19.5478771,"Белотић, 15359 Општина Богатић, Србија",,,Белотић,15359,Општина Богатић,Мачвански управни округ,Централна Србија,Србија,rs,1,1,© OpenStreetMap contributors,Open Database License,https://www.openstreetmap.org/copyright
Beograd,44.8178131,20.4568974,"11000 Београд, Србија",,,Београд,11000,Београд,Град Београд,Централна Србија,Србија,rs,1,1,© OpenStreetMap contributors,Open Database License,https://www.openstreetmap.org/copyright
Beočin,45.2099153,19.7209347,"21300 Општина Беочин, Србија",,,Беочин,21300,Општина Беочин,Јужнобачки управни округ,Војводина,Србија,rs,1,1,© OpenStreetMap contributors,Open Database License,https://www.openstreetmap.org/copyright
Bezdan,45.8501704,18.925943,"Бездан, 25270 Град Сомбор, Србија",,,Бездан,25270,Град Сомбор,Западнобачки управни округ,Војводина,Србија,rs,1,1,© OpenStreetMap contributors,Open Database License,https://www.openstreetmap.org/copyright
Bečej,45.6153745,20.0490085,"21220 Општина Бечеј, Србија",,,Бечеј,21220,Општина Бечеј,Јужнобачки управни округ,Војводина,Србија,rs,1,1,© OpenStreetMap contributors,Open Database License,https://www.openstreetmap.org/copyright
Beška,45.13092,20.06698,"Beška, Сремски управни округ, Србија",Indjija,,,,Beška,Сремски управни округ,Војводина,Србија,rs,1,1,,,https://www.whosonfirst.org/docs/licenses/
Bogovađa,44.3272486,20.190931606437125,"Боговађа, Општина Лајковац, Централна Србија, Србија",Боговађа,,,,Општина Лајковац,Колубарски управни округ,Централна Србија,Србија,rs,1,1,© OpenStreetMap contributors,Open Database License,https://www.openstreetmap.org/copyright
Boljevac,43.8304776,21.9587438,"19370 Општина Бољевац, Србија",,,Бољевац,19370,Општина Бољевац,Зајечарски управни округ,Централна Србија,Србија,rs,1,1,© OpenStreetMap contributors,Open Database License,https://www.openstreetmap.org/copyright
Brestač,44.86077,19.90447,"Brestač, Сремски управни округ, Србија",Pecinci,,,,Brestač,Сремски управни округ,Војводина,Србија,rs,1,1,,,https://www.whosonfirst.org/docs/licenses/
Brodarevo,43.2309869,19.7176308,"Бродарево, 31305 Општина Пријепоље, Србија",,,Бродарево,31305,Општина Пријепоље,Златиборски управни округ,Централна Србија,Србија,rs,1,1,© OpenStreetMap contributors,Open Database License,https://www.openstreetmap.org/copyright
Buđanovci,44.89388,19.86344,"Buđanovci, Сремски управни округ, Србија",Рума,,,,Buđanovci,Сремски управни округ,Војводина,Србија,rs,1,1,,,https://www.whosonfirst.org/docs/licenses/
Debeljača,45.0689128,20.5995487,"Дебељача, 26210 Општина Ковачица, Србија",,,Дебељача,26210,Општина Ковачица,Јужнобанатски управни округ,Војводина,Србија,rs,1,1,© OpenStreetMap contributors,Open Database License,https://www.openstreetmap.org/copyright
Deliblato,44.8404632,21.0417114,"Делиблато, 26225 Општина Ковин, Србија",,,Делиблато,26225,Општина Ковин,Јужнобанатски управни округ,Војводина,Србија,rs,1,1,© OpenStreetMap contributors,Open Database License,https://www.openstreetmap.org/copyright
Doljevac,43.197426300000004,21.82400243806164,"Дољевац, Општина Дољевац, Централна Србија, Србија",Дољевац,,,18410,Општина Дољевац,Нишавски управни округ,Централна Србија,Србија,rs,1,1,© OpenStreetMap contributors,Open Database License,https://www.openstreetmap.org/copyright
Donja Jajina,42.9688588,21.9398222,"Доња Јајина, 16000 Град Лесковац, Србија",,,Доња Јајина,16000,Град Лесковац,Јабланички управни округ,Централна Србија,Србија,rs,1,1,© OpenStreetMap contributors,Open Database License,https://www.openstreetmap.org/copyright
Donji Tovarnik,44.821947699999996,19.952008278730084,"Доњи Товарник, Општина Пећинци, Војводина, Србија",Доњи Товарник,,,,Општина Пећинци,Сремски управни округ,Војводина,Србија,rs,1,1,© OpenStreetMap contributors,Open Database License,https://www.openstreetmap.org/copyright
Erdeč,43.960205,20.90529426960193,"Ердеч, Град Крагујевац, Централна Србија, Србија",Ердеч,,,,Град Крагујевац,Шумадијски управни округ,Централна Србија,Србија,rs,1,1,© OpenStreetMap contributors,Open Database License,https://www.openstreetmap.org/copyright
Futog,45.2373534,19.7064376,"Футог, 21410 Град Нови Сад, Србија",,,Футог,21410,Град Нови Сад,Јужнобачки управни округ,Војводина,Србија,rs,1,1,© OpenStreetMap contributors,Open Database License,https://www.openstreetmap.org/copyright
Golubinci,44.9840388,20.0659105,"Голубинци, 22308 Општина Стара Пазова, Србија",,,Голубинци,22308,Општина Стара Пазова,Сремски управни округ,Војводина,Србија,rs,1,1,© OpenStreetMap contributors,Open Database License,https://www.openstreetmap.org/copyright
Gornji Milanovac,44.0243159,20.4600377,"Општина Горњи Милановац, Централна Србија, Србија",,,Горњи Милановац,,Општина Горњи Милановац,Моравички управни округ,Централна Србија,Србија,rs,1,1,© OpenStreetMap contributors,Open Database License,https://www.openstreetmap.org/copyright
Gospođinci,45.4038,19.98811,"Gospođinci, Južnobački Okrug, Србија",Zabalj,,,,Gospođinci,Južnobački Okrug,Војводина,Србија,rs,1,1,,CC BY 4.0,https://www.geonames.org/datasources/
Herceg Novi,44.815276,20.404978,"Novi Beograd, Градска општина Савски венац, Београд, Централна Србија, Србија",Градска општина Савски венац,,Novi Beograd,,Београд,Град Београд,Централна Србија,Србија,rs,0,,,,https://www.whosonfirst.org/docs/licenses/
Inđija,45.0478559,20.0807338,"22320 Општина Инђија, Србија",,,Инђија,22320,Општина Инђија,Сремски управни округ,Војводина,Србија,rs,1,1,© OpenStreetMap contributors,Open Database License,https://www.openstreetmap.org/copyright
Ivanovo,44.7394943,20.6971952,"Иваново, 26230 Град Панчево, Србија",,,Иваново,26230,Град Панчево,Јужнобанатски управни округ,Војводина,Србија,rs,1,1,© OpenStreetMap contributors,Open Database License,https://www.openstreetmap.org/copyright
Jabučje,44.4072023,20.1806701,"Јабучје, 14226 Општина Лајковац, Србија",,,Јабучје,14226,Општина Лајковац,Колубарски управни округ,Централна Србија,Србија,rs,1,1,© OpenStreetMap contributors,Open Database License,https://www.openstreetmap.org/copyright
Jarkovac,45.26985,20.76078,"Jarkovac, Средњобанатски управни округ, Србија",Secanj,,,,Jarkovac,Средњобанатски управни округ,Војводина,Србија,rs,1,1,,,https://www.whosonfirst.org/docs/licenses/
Jazak,45.1049393,19.7653301,"Јазак, 22408 Општина Ириг, Србија",,,Јазак,22408,Општина Ириг,Сремски управни округ,Војводина,Србија,rs,1,1,© OpenStreetMap contributors,Open Database License,https://www.openstreetmap.org/copyright
Karlovčić,44.82325,20.04503,"Karlovčić, Сремски управни округ, Србија",Pecinci,,,,Karlovčić,Сремски управни округ,Војводина,Србија,rs,1,1,,,https://www.whosonfirst.org/docs/licenses/
Kikinda,45.8297838,20.4653942,"Град Кикинда, Севернобанатски управни округ, Србија",,,,,Град Кикинда,Севернобанатски управни округ,Војводина,Србија,rs,1,1,© OpenStreetMap contributors,Open Database License,https://www.openstreetmap.org/copyright
Kisač,45.3478444,19.7272454,"Кисач, 21211 Град Нови Сад, Србија",,,Кисач,21211,Град Нови Сад,Јужнобачки управни округ,Војводина,Србија,rs,1,1,© OpenStreetMap contributors,Open Database License,https://www.openstreetmap.org/copyright
Klenak,44.787715,19.7063361,"Кленак, 22424 Општина Рума, Србија",,,Кленак,22424,Општина Рума,Сремски управни округ,Војводина,Србија,rs,1,1,© OpenStreetMap contributors,Open Database License,https://www.openstreetmap.org/copyright
Knez Selo,43.3667204,22.0003479,"Кнез Село, 18204 Град Ниш, Србија",,,Кнез Село,18204,Град Ниш,Нишавски управни округ,Централна Србија,Србија,rs,1,1,© OpenStreetMap contributors,Open Database License,https://www.openstreetmap.org/copyright
Knić,43.9265691,20.7201588,"34240 Општина Кнић, Србија",,,Кнић,34240,Општина Кнић,Шумадијски управни округ,Централна Србија,Србија,rs,1,1,© OpenStreetMap contributors,Open Database License,https://www.openstreetmap.org/copyright
Koceljeva,44.4677948,19.820812,"15220 Општина Коцељева, Србија",,,Коцељева,15220,Општина Коцељева,Мачвански управни округ,Централна Србија,Србија,rs,1,1,© OpenStreetMap contributors,Open Database License,https://www.openstreetmap.org/copyright
Kovačica,45.1119346,20.6200326,"26210 Општина Ковачица, Србија",,,Ковачица,26210,Општина Ковачица,Јужнобанатски управни округ,Војводина,Србија,rs,1,1,© OpenStreetMap contributors,Open Database License,https://www.openstreetmap.org/copyright
Kovilj,45.2275974,20.0223418,"Ковиљ, 21243 Град Нови Сад, Србија",,,Ковиљ,21243,Град Нови Сад,Јужнобачки управни округ,Војводина,Србија,rs,1,1,© OpenStreetMap contributors,Open Database License,https://www.openstreetmap.org/copyright
Kovin,44.7412405,20.9781361,"26220 Општина Ковин, Србија",,,Ковин,26220,Општина Ковин,Јужнобанатски управни округ,Војводина,Србија,rs,1,1,© OpenStreetMap contributors,Open Database License,https://www.openstreetmap.org/copyright
Kragujevac,44.0130251,20.91925,"74600 Крагујевац, Србија",,,Крагујевац,74600,Крагујевац,Шумадијски управни округ,Централна Србија,Србија,rs,1,1,© OpenStreetMap contributors,Open Database License,https://www.openstreetmap.org/copyright
Kraljevo,43.7234519,20.6870792,"36101 Краљево, Србија",,,Краљево,36101,Краљево,Рашки управни округ,Централна Србија,Србија,rs,1,1,© OpenStreetMap contributors,Open Database License,https://www.openstreetmap.org/copyright
Kruševac,43.58264,21.3264811,"37000 Крушевац, Србија",,,Крушевац,37000,Крушевац,Расински управни округ,Централна Србија,Србија,rs,1,1,© OpenStreetMap contributors,Open Database License,https://www.openstreetmap.org/copyright
Krčedin,45.13872,20.13308,"Krčedin, Сремски управни округ, Србија",Indjija,,,,Krčedin,Сремски управни округ,Војводина,Србија,rs,1,1,,,https://www.whosonfirst.org/docs/licenses/
Laćarak,44.9975082,19.5649928,"Лаћарак, 22221 Град Сремска Митровица, Србија",,,Лаћарак,22221,Град Сремска Митровица,Сремски управни округ,Војводина,Србија,rs,1,1,© OpenStreetMap contributors,Open Database License,https://www.openstreetmap.org/copyright
Leskovac,42.9951304,21.9464271,"16000 Лесковац, Србија",,,Лесковац,16000,Лесковац,Јабланички управни округ,Централна Србија,Србија,rs,1,1,© OpenStreetMap contributors,Open Database License,https://www.openstreetmap.org/copyright
Ljig,44.225332,20.2399384,"14240 Општина Љиг, Србија",,,Љиг,14240,Општина Љиг,Колубарски управни округ,Централна Србија,Србија,rs,1,1,© OpenStreetMap contributors,Open Database License,https://www.openstreetmap.org/copyright
Ljubovija,44.1876246,19.375897,"Општина Љубовија, Централна Србија, Србија",,,Љубовија,,Општина Љубовија,Мачвански управни округ,Централна Србија,Србија,rs,1,1,© OpenStreetMap contributors,Open Database License,https://www.openstreetmap.org/copyright
Loznica,44.5309355,19.2240026,"15300 Лозница, Србија",,,Лозница,15300,Лозница,Мачвански управни округ,Централна Србија,Србија,rs,1,1,© OpenStreetMap contributors,Open Database License,https://www.openstreetmap.org/copyright
Mala Moštanica,44.638339,20.306,"Мала Моштаница, 11427 Градска општина Обреновац, Србија",,,Мала Моштаница,11427,Градска општина Обреновац,Град Београд,Централна Србија,Србија,rs,1,1,© OpenStreetMap contributors,Open Database License,https://www.openstreetmap.org/copyright
Mala Plana,43.2520819,21.476282,"Мала Плана, 18423 Град Прокупље, Србија",,,Мала Плана,18423,Град Прокупље,Топлички управни округ,Централна Србија,Србија,rs,1,1,© OpenStreetMap contributors,Open Database License,https://www.openstreetmap.org/copyright
Mali Zvornik,44.3736328,19.1069253,"15318 Општина Мали Зворник, Србија",,,Мали Зворник,15318,Општина Мали Зворник,Мачвански управни округ,Централна Србија,Србија,rs,1,1,© OpenStreetMap contributors,Open Database License,https://www.openstreetmap.org/copyright
Maradik,45.115900749999994,20.00588476242889,"Марадик, Општина Инђија, Војводина, Србија",Марадик,,,22327,Општина Инђија,Сремски управни округ,Војводина,Србија,rs,1,1,© OpenStreetMap contributors,Open Database License,https://www.openstreetmap.org/copyright
Mataruška Banja,43.6893066,20.6093678,"Матарушка Бања, 36201 Град Краљево, Србија",,,Матарушка Бања,36201,Град Краљево,Рашки управни округ,Централна Србија,Србија,rs,1,1,© OpenStreetMap contributors,Open Database License,https://www.openstreetmap.org/copyright
Mionica,44.252921,20.084082,"14242 Општина Мионица, Србија",,,Мионица,14242,Општина Мионица,Колубарски управни округ,Централна Србија,Србија,rs,1,1,© OpenStreetMap contributors,Open Database License,https://www.openstreetmap.org/copyright
Mladenovo,45.30339,19.26167,"Mladenovo, Južnobački Okrug, Србија",Backa Palanka,,,,Mladenovo,Južnobački Okrug,Војводина,Србија,rs,1,1,,,https://www.whosonfirst.org/docs/licenses/
Mramorak,44.8796306,20.9730845,"Мраморак, 26226 Општина Ковин, Србија",,,Мраморак,26226,Општина Ковин,Јужнобанатски управни округ,Војводина,Србија,rs,1,1,© OpenStreetMap contributors,Open Database License,https://www.openstreetmap.org/copyright
Niš,43.3211301,21.8959232,"Град Ниш, Нишавски управни округ, Србија",,,,,Град Ниш,Нишавски управни округ,Централна Србија,Србија,rs,1,1,© OpenStreetMap contributors,Open Database License,https://www.openstreetmap.org/copyright
Nova Crnja,45.66833,20.605,"Nova Crnja, Средњобанатски управни округ, Србија",Нова Црња,,,,Nova Crnja,Средњобанатски управни округ,Војводина,Србија,rs,1,1,,,https://www.whosonfirst.org/docs/licenses/
Novi Bečej,45.5952571,20.1343581,"23272 Општина Нови Бечеј, Србија",,,Нови Бечеј,23272,Општина Нови Бечеј,Средњобанатски управни округ,Војводина,Србија,rs,1,1,© OpenStreetMap contributors,Open Database License,https://www.openstreetmap.org/copyright
Novi Sad,45.2551338,19.8451756,"21000 Нови Сад, Србија",,,Нови Сад,21000,Нови Сад,Јужнобачки управни округ,Војводина,Србија,rs,1,1,© OpenStreetMap contributors,Open Database License,https://www.openstreetmap.org/copyright
Novi Žednik,45.94117,19.67141,"Novi Žednik, Severnobački Okrug, Србија",Суботица,,,,Novi Žednik,Severnobački Okrug,Војводина,Србија,rs,1,1,,,https://www.whosonfirst.org/docs/licenses/
Obrenovac,44.654833,20.2014318,"11500 Градска општина Обреновац, Србија",,,Обреновац,11500,Градска општина Обреновац,Град Београд,Централна Србија,Србија,rs,1,1,© OpenStreetMap contributors,Open Database License,https://www.openstreetmap.org/copyright
Obrež,43.7693105,21.3491735,"Обреж, 37266 Општина Варварин, Србија",,,Обреж,37266,Општина Варварин,Расински управни округ,Централна Србија,Србија,rs,1,1,© OpenStreetMap contributors,Open Database License,https://www.openstreetmap.org/copyright
Odžaci,45.5058662,19.2597368,"25250 Општина Оџаци, Србија",,,Оџаци,25250,Општина Оџаци,Западнобачки управни округ,Војводина,Србија,rs,1,1,© OpenStreetMap contributors,Open Database License,https://www.openstreetmap.org/copyright
Opovo,45.0487194,20.4331827,"26204 Општина Опово, Србија",,,Опово,26204,Општина Опово,Јужнобанатски управни округ,Војводина,Србија,rs,1,1,© OpenStreetMap contributors,Open Database License,https://www.openstreetmap.org/copyright
Padina,45.1220499,20.726906,"Падина, 26215 Општина Ковачица, Србија",,,Падина,26215,Општина Ковачица,Јужнобанатски управни округ,Војводина,Србија,rs,1,1,© OpenStreetMap contributors,Open Database License,https://www.openstreetmap.org/copyright
Pambukovica,44.4428228,19.9219328,"Памбуковица, 14213 Општина Уб, Србија",,,Памбуковица,14213,Општина Уб,Колубарски управни округ,Централна Србија,Србија,rs,1,1,© OpenStreetMap contributors,Open Database License,https://www.openstreetmap.org/copyright
Pančevo,44.8705686,20.6399643,"26000 Панчево, Србија",,,Панчево,26000,Панчево,Јужнобанатски управни округ,Војводина,Србија,rs,1,1,© OpenStreetMap contributors,Open Database License,https://www.openstreetmap.org/copyright
Paraćin,43.8636301,21.4099615,"35250 Општина Параћин, Србија",,,Параћин,35250,Општина Параћин,Поморавски управни округ,Централна Србија,Србија,rs,1,1,© OpenStreetMap contributors,Open Database License,https://www.openstreetmap.org/copyright
Parcani,44.5673578,20.5266613,"Парцани, 11233 Градска општина Сопот, Србија",,,Парцани,11233,Градска општина Сопот,Град Београд,Централна Србија,Србија,rs,1,1,© OpenStreetMap contributors,Open Database License,https://www.openstreetmap.org/copyright
Perlez,45.207496,20.3813491,"Перлез, 23260 Град Зрењанин, Србија",,,Перлез,23260,Град Зрењанин,Средњобанатски управни округ,Војводина,Србија,rs,1,1,© OpenStreetMap contributors,Open Database License,https://www.openstreetmap.org/copyright
Pećinci,44.9090756,19.9672065,"22410 Општина Пећинци, Србија",,,Пећинци,22410,Општина Пећинци,Сремски управни округ,Војводина,Србија,rs,1,1,© OpenStreetMap contributors,Open Database License,https://www.openstreetmap.org/copyright
Pirot,43.1547342,22.5865039,"18300 Пирот, Србија",,,Пирот,18300,Пирот,Пиротски управни округ,Централна Србија,Србија,rs,1,1,© OpenStreetMap contributors,Open Database License,https://www.openstreetmap.org/copyright
Pivnice,45.4704612,19.4595651,"Пивнице, 21469 Општина Бачка Паланка, Србија",,,Пивнице,21469,Општина Бачка Паланка,Јужнобачки управни округ,Војводина,Србија,rs,1,1,© OpenStreetMap contributors,Open Database License,https://www.openstreetmap.org/copyright
Pljevlja,,,,,,,,,,,,,,,,,
Pločica,44.7242392,20.8841521,"Плочица, 26228 Општина Ковин, Србија",,,Плочица,26228,Општина Ковин,Јужнобанатски управни округ,Војводина,Србија,rs,1,1,© OpenStreetMap contributors,Open Database License,https://www.openstreetmap.org/copyright
Podgorica,43.77544,19.68229,"Podgorica, Златиборски управни округ, Србија",Cajetina,,,,Podgorica,Златиборски управни округ,Централна Србија,Србија,rs,1,1,,,https://www.whosonfirst.org/docs/licenses/
Poskurice,44.04634715,20.853908955627585,"Поскурице, Град Крагујевац, Централна Србија, Србија",Поскурице,,,,Град Крагујевац,Шумадијски управни округ,Централна Србија,Србија,rs,1,1,© OpenStreetMap contributors,Open Database License,https://www.openstreetmap.org/copyright
Požarevac,44.6199926,21.1854,"12000 Пожаревац, Србија",,,Пожаревац,12000,Пожаревац,Браничевски управни округ,Централна Србија,Србија,rs,1,1,© OpenStreetMap contributors,Open Database License,https://www.openstreetmap.org/copyright
Preljina,43.9013757,20.4178774,"Прељина, 32212 Град Чачак, Србија",,,Прељина,32212,Град Чачак,Моравички управни округ,Централна Србија,Србија,rs,1,1,© OpenStreetMap contributors,Open Database License,https://www.openstreetmap.org/copyright
Prijepolje,43.389209,19.6493525,"31300 Општина Пријепоље, Србија",,,Пријепоље,31300,Општина Пријепоље,Златиборски управни округ,Централна Србија,Србија,rs,1,1,© OpenStreetMap contributors,Open Database License,https://www.openstreetmap.org/copyright
Prokuplje,43.2343484,21.5884422,"18400 Прокупље, Србија",,,Прокупље,18400,Прокупље,Топлички управни округ,Централна Србија,Србија,rs,1,1,© OpenStreetMap contributors,Open Database License,https://www.openstreetmap.org/copyright
Rakovac,42.470833,21.787222,"Раковац, 17520 Општина Бујановац, Србија",,,Раковац,17520,Општина Бујановац,Пчињски управни округ,Централна Србија,Србија,rs,1,1,© OpenStreetMap contributors,Open Database License,https://www.openstreetmap.org/copyright
Rgotina,44.01885365,22.26339498261686,"Рготина, Град Зајечар, Централна Србија, Србија",Рготина,,,,Град Зајечар,Зајечарски управни округ,Централна Србија,Србија,rs,1,1,© OpenStreetMap contributors,Open Database License,https://www.openstreetmap.org/copyright
Ripanj,44.6390298,20.5204337,"Градска општина Вождовац, Рипањ, Централна Србија, Србија",,Градска општина Вождовац,,11040,Рипањ,Град Београд,Централна Србија,Србија,rs,1,1,© OpenStreetMap contributors,Open Database License,https://www.openstreetmap.org/copyright
Ruma,45.0078322,19.8187834,"22400 Општина Рума, Србија",,,Рума,22400,Општина Рума,Сремски управни округ,Војводина,Србија,rs,1,1,© OpenStreetMap contributors,Open Database License,https://www.openstreetmap.org/copyright
Sakule,45.14667,20.48619,"Sakule, Južnobanatski Okrug, Србија",Опово,,,,Sakule,Južnobanatski Okrug,Војводина,Србија,rs,1,1,,,https://www.whosonfirst.org/docs/licenses/
Sečanj,45.3684881,20.7734307,"23240 Општина Сечањ, Србија",,,Сечањ,23240,Општина Сечањ,Средњобанатски управни округ,Војводина,Србија,rs,1,1,© OpenStreetMap contributors,Open Database License,https://www.openstreetmap.org/copyright
Sivac,45.716515650000005,19.379930832988503,"Сивац, Општина Кула, Војводина, Србија",Сивац,,,,Општина Кула,Западнобачки управни округ,Војводина,Србија,rs,1,1,© OpenStreetMap contributors,Open Database License,https://www.openstreetmap.org/copyright
Smederevo,44.6651048,20.9271115,"11300 Смедерево, Србија",,,Смедерево,11300,Смедерево,Подунавски управни округ,Централна Србија,Србија,rs,1,1,© OpenStreetMap contributors,Open Database License,https://www.openstreetmap.org/copyright
Smederevska Palanka,44.3669765,20.9601939,"11420 Општина Смедеревска Паланка, Србија",,,Смедеревска Паланка,11420,Општина Смедеревска Паланка,Подунавски управни округ,Централна Србија,Србија,rs,1,1,© OpenStreetMap contributors,Open Database License,https://www.openstreetmap.org/copyright
Sokobanja,43.6440513,21.8730724,"18230 Општина Сокобања, Србија",,,Сокобања,18230,Општина Сокобања,Зајечарски управни округ,Централна Србија,Србија,rs,1,1,© OpenStreetMap contributors,Open Database License,https://www.openstreetmap.org/copyright
Srbobran,45.5484758,19.7911219,"21480 Општина Србобран, Србија",,,Србобран,21480,Општина Србобран,Јужнобачки управни округ,Војводина,Србија,rs,1,1,© OpenStreetMap contributors,Open Database License,https://www.openstreetmap.org/copyright
Sremska Mitrovica,44.9701654,19.6124132,"22000 Сремска Митровица, Србија",,,Сремска Митровица,22000,Сремска Митровица,Сремски управни округ,Војводина,Србија,rs,1,1,© OpenStreetMap contributors,Open Database License,https://www.openstreetmap.org/copyright
Stara Pazova,44.9846077,20.1588763,"22300 Општина Стара Пазова, Србија",,,Стара Пазова,22300,Општина Стара Пазова,Сремски управни округ,Војводина,Србија,rs,1,1,© OpenStreetMap contributors,Open Database License,https://www.openstreetmap.org/copyright
Stari Slankamen,45.1414778,20.2585993,"Стари Сланкамен, 22329 Општина Инђија, Србија",,,Стари Сланкамен,22329,Општина Инђија,Сремски управни округ,Војводина,Србија,rs,1,1,© OpenStreetMap contributors,Open Database License,https://www.openstreetmap.org/copyright
Starčevo,44.8100472,20.6998149,"Старчево, 26232 Град Панчево, Србија",,,Старчево,26232,Град Панчево,Јужнобанатски управни округ,Војводина,Србија,rs,1,1,© OpenStreetMap contributors,Open Database License,https://www.openstreetmap.org/copyright
Stepojevac,44.5137283,20.2944309,"Степојевац, 11462 Градска општина Лазаревац, Србија",,,Степојевац,11462,Градска општина Лазаревац,Град Београд,Централна Србија,Србија,rs,1,1,© OpenStreetMap contributors,Open Database License,https://www.openstreetmap.org/copyright
Stojnik,44.512986999999995,20.49349020238365,"Стојник, Градска општина Сопот, Централна Србија, Србија",Стојник,,,,Градска општина Сопот,Град Београд,Централна Србија,Србија,rs,1,1,© OpenStreetMap contributors,Open Database License,https://www.openstreetmap.org/copyright
Subotica,46.1002058,19.6653273,"24000 Суботица, Србија",,,Суботица,24000,Суботица,Севернобачки управни округ,Војводина,Србија,rs,1,1,© OpenStreetMap contributors,Open Database License,https://www.openstreetmap.org/copyright
Supovac,43.3895622,21.7607559,"Суповац, 18202 Град Ниш, Србија",,,Суповац,18202,Град Ниш,Нишавски управни округ,Централна Србија,Србија,rs,1,1,© OpenStreetMap contributors,Open Database License,https://www.openstreetmap.org/copyright
Surduk,45.0724431,20.3253675,"Сурдук, 22307 Општина Стара Пазова, Србија",,,Сурдук,22307,Општина Стара Пазова,Сремски управни округ,Војводина,Србија,rs,1,1,© OpenStreetMap contributors,Open Database License,https://www.openstreetmap.org/copyright
Tara (planina),,,,,,,,,,,,,,,,,
Temerin,45.4096587,19.8901507,"21235 Општина Темерин, Србија",,,Темерин,21235,Општина Темерин,Јужнобачки управни округ,Војводина,Србија,rs,1,1,© OpenStreetMap contributors,Open Database License,https://www.openstreetmap.org/copyright
Titel,45.2043941,20.3060414,"21240 Општина Тител, Србија",,,Тител,21240,Општина Тител,Јужнобачки управни округ,Војводина,Србија,rs,1,1,© OpenStreetMap contributors,Open Database License,https://www.openstreetmap.org/copyright
Topola,44.2544752,20.6797215,"34310 Општина Топола, Србија",,,Топола,34310,Општина Топола,Шумадијски управни округ,Централна Србија,Србија,rs,1,1,© OpenStreetMap contributors,Open Database License,https://www.openstreetmap.org/copyright
Topola (varošica),44.251917399999996,20.682669759402327,"Топола (варошица), Општина Топола, Централна Србија, Србија",Топола (варошица),,,34310,Општина Топола,Шумадијски управни округ,Централна Србија,Србија,rs,1,1,© OpenStreetMap contributors,Open Database License,https://www.openstreetmap.org/copyright
Turija,42.4578371,21.7205841,"Турија, 17528 Општина Бујановац, Србија",,,Турија,17528,Општина Бујановац,Пчињски управни округ,Централна Србија,Србија,rs,1,1,© OpenStreetMap contributors,Open Database License,https://www.openstreetmap.org/copyright
Ub,,,,,,,,,,,,,,,,,
Ugrinovci,44.875761,20.1867368,"Угриновци, 11277 Градска општина Земун, Србија",,,Угриновци,11277,Градска општина Земун,Град Београд,Централна Србија,Србија,rs,1,1,© OpenStreetMap contributors,Open Database License,https://www.openstreetmap.org/copyright
Valjevo,44.2708719,19.8863297,"14000 Ваљево, Србија",,,Ваљево,14000,Ваљево,Колубарски управни округ,Централна Србија,Србија,rs,1,1,© OpenStreetMap contributors,Open Database License,https://www.openstreetmap.org/copyright
Velika Plana,44.3324574,21.075786,"11320 Општина Велика Плана, Србија",,,Велика Плана,11320,Општина Велика Плана,Подунавски управни округ,Централна Србија,Србија,rs,1,1,© OpenStreetMap contributors,Open Database License,https://www.openstreetmap.org/copyright
Veliki Borak,44.5383995,20.34404153603797,"Велики Борак, Градска општина Барајево, Централна Србија, Србија",Велики Борак,,,11462,Градска општина Барајево,Град Београд,Централна Србија,Србија,rs,1,1,© OpenStreetMap contributors,Open Database License,https://www.openstreetmap.org/copyright
Venčane,44.4010938,20.476555567559487,"Венчане, Општина Аранђеловац, Централна Србија, Србија",Венчане,,,,Општина Аранђеловац,Шумадијски управни округ,Централна Србија,Србија,rs,1,1,© OpenStreetMap contributors,Open Database License,https://www.openstreetmap.org/copyright
Vladimirci,44.6158293,19.7851041,"15225 Општина Владимирци, Србија",,,Владимирци,15225,Општина Владимирци,Мачвански управни округ,Централна Србија,Србија,rs,1,1,© OpenStreetMap contributors,Open Database License,https://www.openstreetmap.org/copyright
Vranić,44.5941837,20.3086441,"Вранић, 11427 Градска општина Барајево, Србија",,,Вранић,11427,Градска општина Барајево,Град Београд,Централна Србија,Србија,rs,1,1,© OpenStreetMap contributors,Open Database License,https://www.openstreetmap.org/copyright
Vrbas,45.568028,19.6470089,"21460 Општина Врбас, Србија",,,Врбас,21460,Општина Врбас,Јужнобачки управни округ,Војводина,Србија,rs,1,1,© OpenStreetMap contributors,Open Database License,https://www.openstreetmap.org/copyright
Vrbovno,44.5366667,20.2825,"Врбовно, 11462 Градска општина Лазаревац, Србија",,,Врбовно,11462,Градска општина Лазаревац,Град Београд,Централна Србија,Србија,rs,1,1,© OpenStreetMap contributors,Open Database License,https://www.openstreetmap.org/copyright
Vrnjačka Banja,43.6221774,20.8929353,"36210 Општина Врњачка Бања, Србија",,,Врњачка Бања,36210,Општина Врњачка Бања,Рашки управни округ,Централна Србија,Србија,rs,1,1,© OpenStreetMap contributors,Open Database License,https://www.openstreetmap.org/copyright
Vrčin,44.6639616,20.5910154,"11224 Врчин, Србија",,,Врчин,11224,Врчин,Град Београд,Централна Србија,Србија,rs,1,1,© OpenStreetMap contributors,Open Database License,https://www.openstreetmap.org/copyright
Vršac,45.1211263,21.2960485,"26200 Вршац, Србија",,,Вршац,26200,Вршац,Јужнобанатски управни округ,Војводина,Србија,rs,1,1,© OpenStreetMap contributors,Open Database License,https://www.openstreetmap.org/copyright
Vučje,42.8649674,21.9111809,"Вучје, 16203 Град Лесковац, Србија",,,Вучје,16203,Град Лесковац,Јабланички управни округ,Централна Србија,Србија,rs,1,1,© OpenStreetMap contributors,Open Database License,https://www.openstreetmap.org/copyright
Zaječar,43.9030925,22.2785536,"19000 Зајечар, Србија",,,Зајечар,19000,Зајечар,Зајечарски управни округ,Централна Србија,Србија,rs,1,1,© OpenStreetMap contributors,Open Database License,https://www.openstreetmap.org/copyright
Zalug,43.4076208,19.6286144,"Залуг, 31300 Општина Пријепоље, Србија",,,Залуг,31300,Општина Пријепоље,Златиборски управни округ,Централна Србија,Србија,rs,1,1,© OpenStreetMap contributors,Open Database License,https://www.openstreetmap.org/copyright
Zlatibor,43.7265428,19.6997891,"Златибор, 31315 Општина Чајетина, Србија",,,Златибор,31315,Општина Чајетина,Златиборски управни округ,Централна Србија,Србија,rs,1,1,© OpenStreetMap contributors,Open Database License,https://www.openstreetmap.org/copyright
Zrenjanin,45.3802683,20.3907614,"23110 Зрењанин, Србија",,,Зрењанин,23110,Зрењанин,Средњобанатски управни округ,Војводина,Србија,rs,1,1,© OpenStreetMap contributors,Open Database License,https://www.openstreetmap.org/copyright
Ćuprija,43.9335612,21.3712355,"35230 Општина Ћуприја, Србија",,,Ћуприја,35230,Општина Ћуприја,Поморавски управни округ,Централна Србија,Србија,rs,1,1,© OpenStreetMap contributors,Open Database License,https://www.openstreetmap.org/copyright
Čačak,43.8914332,20.3491624,"32000 Чачак, Србија",,,Чачак,32000,Чачак,Моравички управни округ,Централна Србија,Србија,rs,1,1,© OpenStreetMap contributors,Open Database License,https://www.openstreetmap.org/copyright
Čekmin,43.107201950000004,21.89100256613594,"Чекмин, Град Лесковац, Централна Србија, Србија",Чекмин,,,,Град Лесковац,Јабланички управни округ,Централна Србија,Србија,rs,1,1,© OpenStreetMap contributors,Open Database License,https://www.openstreetmap.org/copyright
Čelarevo,45.2718195,19.5271962,"Челарево, 21413 Општина Бачка Паланка, Србија",,,Челарево,21413,Општина Бачка Паланка,Јужнобачки управни округ,Војводина,Србија,rs,1,1,© OpenStreetMap contributors,Open Database License,https://www.openstreetmap.org/copyright
Čenta,45.1076394,20.3865803,"Чента, 23266 Град Зрењанин, Србија",,,Чента,23266,Град Зрењанин,Средњобанатски управни округ,Војводина,Србија,rs,1,1,© OpenStreetMap contributors,Open Database License,https://www.openstreetmap.org/copyright
Čerević,45.2186356,19.6627528,"Черевић, 21411 Општина Беочин, Србија",,,Черевић,21411,Општина Беочин,Јужнобачки управни округ,Војводина,Србија,rs,1,1,© OpenStreetMap contributors,Open Database License,https://www.openstreetmap.org/copyright
Čibutkovica,44.3229353,20.242808332389934,"Чибутковица, Градска општина Лазаревац, Централна Србија, Србија",Чибутковица,,,,Градска општина Лазаревац,Град Београд,Централна Србија,Србија,rs,1,1,© OpenStreetMap contributors,Open Database License,https://www.openstreetmap.org/copyright
Čortanovci,45.1546,20.01851,"Čortanovci, Сремски управни округ, Србија",Indjija,,,,Čortanovci,Сремски управни округ,Војводина,Србија,rs,1,1,,,https://www.whosonfirst.org/docs/licenses/
Čurug,45.47221,20.06861,"Čurug, Južnobački Okrug, Србија",Zabalj,,,,Čurug,Južnobački Okrug,Војводина,Србија,rs,1,1,,,https://www.whosonfirst.org/docs/licenses/
Šabac,44.7571535,19.6953972,"15000 Шабац, Србија",,,Шабац,15000,Шабац,Мачвански управни округ,Централна Србија,Србија,rs,1,1,© OpenStreetMap contributors,Open Database License,https://www.openstreetmap.org/copyright
Šajkaš,45.27315,20.09051,"Šajkaš, Južnobački Okrug, Србија",Тител,,,,Šajkaš,Južnobački Okrug,Војводина,Србија,rs,1,1,,,https://www.whosonfirst.org/docs/licenses/
Šid,45.126371,19.2291509,"22240 Општина Шид, Србија",,,Шид,22240,Општина Шид,Сремски управни округ,Војводина,Србија,rs,1,1,© OpenStreetMap contributors,Open Database License,https://www.openstreetmap.org/copyright
Šišatovac,45.1213046,19.5521372,"Шишатовац, 22232 Град Сремска Митровица, Србија",,,Шишатовац,22232,Град Сремска Митровица,Сремски управни округ,Војводина,Србија,rs,1,1,© OpenStreetMap contributors,Open Database License,https://www.openstreetmap.org/copyright
Šuljam,45.0889408,19.6709513,"Шуљам, 22212 Град Сремска Митровица, Србија",,,Шуљам,22212,Град Сремска Митровица,Сремски управни округ,Војводина,Србија,rs,1,1,© OpenStreetMap contributors,Open Database License,https://www.openstreetmap.org/copyright
Žabalj,45.3728199,20.0637917,"21239 Општина Жабаљ, Србија",,,Жабаљ,21239,Општина Жабаљ,Јужнобачки управни округ,Војводина,Србија,rs,1,1,© OpenStreetMap contributors,Open Database License,https://www.openstreetmap.org/copyright
Žabari,44.221352350000004,19.945237424404503,"Жабари, Град Ваљево, Централна Србија, Србија",Жабари,,,,Град Ваљево,Колубарски управни округ,Централна Србија,Србија,rs,1,1,© OpenStreetMap contributors,Open Database License,https://www.openstreetmap.org/copyright
Žitište,45.4833996,20.5519957,"23210 Општина Житиште, Србија",,,Житиште,23210,Општина Житиште,Средњобанатски управни округ,Војводина,Србија,rs,1,1,© OpenStreetMap contributors,Open Database License,https://www.openstreetmap.org/copyright
Žitorađa,43.1889653,21.7111439,"Општина Житорађа, Централна Србија, Србија",,,Житорађа,,Општина Житорађа,Топлички управни округ,Централна Србија,Србија,rs,1,1,© OpenStreetMap contributors,Open Database License,https://www.openstreetmap.org/copyright